{"stats":{"minecraft:used":{"minecraft:stone_sword":59,"minecraft:wooden_sword":14},"minecraft:picked_up":{"minecraft:mud":12,"minecraft:basalt":1,"rpgsmw:class_choose_orb":1,"minecraft:stick":3,"born_in_chaos_v1:monster_flesh":1,"minecraft:sweet_berries":14,"minecraft:cobbled_deepslate":167,"rpgsmw:class_remove_orb":1,"minecraft:mangrove_roots":3,"minecraft:spruce_sapling":6,"minecraft:spruce_log":15,"minecraft:oak_sapling":3,"minecraft:dirt":14,"minecraft:cobblestone":21},"minecraft:mined":{"minecraft:grass":8,"minecraft:grass_block":4,"minecraft:mud":12,"minecraft:dirt":11,"minecraft:sweet_berry_bush":4,"minecraft:basalt":1,"minecraft:spruce_leaves":6,"minecraft:spruce_log":1,"minecraft:stone":22,"minecraft:mangrove_roots":2,"treechop:chopped_log":8,"minecraft:oak_leaves":48,"minecraft:deepslate":182},"minecraft:custom":{"minecraft:time_since_rest":18355,"minecraft:interact_with_furnace":1,"minecraft:crouch_one_cm":59,"minecraft:play_time":37611,"minecraft:sprint_one_cm":16455,"minecraft:deaths":1,"minecraft:damage_taken":356,"minecraft:walk_one_cm":96878,"minecraft:sneak_time":44,"minecraft:walk_under_water_one_cm":1183,"minecraft:jump":277,"minecraft:damage_dealt":146,"minecraft:walk_on_water_one_cm":877,"minecraft:time_since_death":18273,"minecraft:total_world_time":37611,"minecraft:interact_with_crafting_table":3,"minecraft:fall_one_cm":3391,"minecraft:fly_one_cm":5714}},"DataVersion":3465}