{"stats":{"minecraft:used":{"minecraft:stone_sword":59,"minecraft:bread":1,"minecraft:wooden_sword":14},"minecraft:picked_up":{"minecraft:mud":12,"minecraft:stick":3,"minecraft:raw_iron":3,"minecraft:basalt":1,"born_in_chaos_v1:monster_flesh":1,"minecraft:sweet_berries":14,"minecraft:spruce_sapling":6,"minecraft:spruce_log":15,"skilltree:gem":1,"minecraft:dirt":14,"minecraft:raw_copper":5,"rpgsmw:class_choose_orb":1,"minecraft:cobbled_deepslate":168,"rpgsmw:class_remove_orb":1,"minecraft:mangrove_roots":3,"minecraft:oak_sapling":3,"minecraft:cobblestone":207},"minecraft:mined":{"minecraft:mud":12,"minecraft:sweet_berry_bush":4,"minecraft:spruce_log":1,"minecraft:basalt":1,"minecraft:mangrove_roots":2,"treechop:chopped_log":8,"minecraft:grass":8,"minecraft:grass_block":4,"minecraft:dirt":11,"minecraft:spruce_leaves":6,"minecraft:stone":215,"minecraft:oak_leaves":48,"minecraft:deepslate":182},"minecraft:custom":{"minecraft:time_since_rest":30355,"minecraft:interact_with_furnace":1,"minecraft:sprint_one_cm":16455,"minecraft:damage_taken":356,"minecraft:walk_one_cm":115147,"minecraft:damage_dealt":146,"minecraft:interact_with_crafting_table":3,"minecraft:fly_one_cm":5761,"minecraft:crouch_one_cm":59,"minecraft:play_time":49611,"minecraft:deaths":1,"minecraft:sneak_time":59,"minecraft:walk_under_water_one_cm":1183,"minecraft:jump":327,"minecraft:time_since_death":30273,"minecraft:walk_on_water_one_cm":1255,"minecraft:total_world_time":49611,"minecraft:fall_one_cm":4080}},"DataVersion":3465}