{"stats":{"minecraft:used":{"minecraft:stone_sword":78,"minecraft:stone_pickaxe":130,"minecraft:iron_sword":38,"minecraft:torch":38,"minecraft:crafting_table":2,"minecraft:bread":9,"minecraft:iron_pickaxe":300,"minecraft:wooden_sword":14,"minecraft:sweet_berries":11},"minecraft:picked_up":{"minecraft:mud":12,"born_in_chaos_v1:corpse_maggot":1,"minecraft:crafting_table":2,"minecraft:basalt":1,"born_in_chaos_v1:monster_flesh":1,"minecraft:brown_mushroom":1,"create:raw_zinc":21,"supplementaries:flax_seeds":2,"jeg:scrap":25,"skilltree:gem":22,"minecraft:lapis_lazuli":7,"minecraft:dirt":14,"minecraft:string":2,"minecraft:raw_copper":219,"born_in_chaos_v1:monster_skin":1,"minecraft:bone":2,"minecraft:cobbled_deepslate":195,"scalinghealth:power_crystal_shard":3,"born_in_chaos_v1:gnawed_bones":1,"jeg:tech_trash":3,"minecraft:raw_iron":14,"minecraft:stick":3,"scalinghealth:heart_crystal_shard":21,"minecraft:sweet_berries":45,"minecraft:torch":1,"minecraft:spruce_sapling":6,"minecraft:diorite":13,"born_in_chaos_v1:pieceofdarkmetal":1,"minecraft:spruce_log":15,"minecraft:spider_eye":4,"rpgsmw:class_choose_orb":1,"minecraft:rotten_flesh":28,"rpgsmw:class_remove_orb":1,"gamma_beasts:coal_nugget":13,"minecraft:mangrove_roots":3,"minecraft:oak_sapling":3,"minecraft:coal":49,"minecraft:cobblestone":406},"minecraft:mined":{"create:zinc_ore":23,"jeg:scrap_ore":13,"minecraft:basalt":1,"minecraft:mangrove_roots":2,"scalinghealth:deepslate_heart_crystal_ore":21,"minecraft:crafting_table":1,"minecraft:glow_lichen":1,"minecraft:grass_block":4,"minecraft:copper_ore":33,"minecraft:deepslate_coal_ore":6,"minecraft:spruce_leaves":6,"minecraft:lapis_ore":1,"minecraft:diorite":13,"minecraft:deepslate_copper_ore":20,"supplementaries:urn":1,"jeg:deepslate_scrap_ore":3,"minecraft:mud":12,"minecraft:iron_ore":13,"minecraft:sweet_berry_bush":4,"minecraft:spruce_log":1,"treechop:chopped_log":8,"minecraft:grass":8,"minecraft:coal_ore":42,"scalinghealth:deepslate_power_crystal_ore":3,"minecraft:dirt":11,"minecraft:stone":420,"minecraft:oak_leaves":48,"minecraft:deepslate":212},"minecraft:crafted":{"minecraft:copper_ingot":0,"minecraft:iron_ingot":0},"minecraft:dropped":{"minecraft:sweet_berries":2,"minecraft:crafting_table":1,"minecraft:spruce_sapling":6},"minecraft:killed":{"minecraft:spider":2,"born_in_chaos_v1:zombie_bruiser":1,"minecraft:skeleton":1,"minecraft:zombie":2,"born_in_chaos_v1:dread_hound":1,"born_in_chaos_v1:door_knight":1},"minecraft:broken":{"minecraft:stone_pickaxe":1,"minecraft:leather_boots":1,"minecraft:iron_pickaxe":1},"minecraft:custom":{"minecraft:interact_with_furnace":7,"minecraft:mob_kills":10,"minecraft:interact_with_crafting_table":17,"minecraft:damage_dealt_resisted":502,"minecraft:leave_game":1,"minecraft:time_since_death":197,"minecraft:time_since_rest":272,"minecraft:sprint_one_cm":16455,"minecraft:damage_taken":2348,"minecraft:walk_one_cm":275326,"minecraft:drop":6,"minecraft:damage_dealt":2658,"minecraft:fly_one_cm":9693,"minecraft:open_chest":6,"minecraft:crouch_one_cm":59,"minecraft:play_time":106134,"minecraft:deaths":4,"minecraft:sneak_time":59,"minecraft:walk_under_water_one_cm":1183,"minecraft:jump":709,"minecraft:walk_on_water_one_cm":2852,"minecraft:total_world_time":106134,"minecraft:fall_one_cm":11163}},"DataVersion":3465}