{"stats":{"minecraft:used":{"minecraft:wooden_sword":5},"minecraft:picked_up":{"minecraft:stick":3,"minecraft:spruce_sapling":6,"minecraft:spruce_log":15},"minecraft:mined":{"minecraft:grass":5,"minecraft:spruce_leaves":2,"minecraft:spruce_log":1,"treechop:chopped_log":7},"minecraft:custom":{"minecraft:jump":42,"minecraft:time_since_rest":13611,"minecraft:sprint_one_cm":5666,"minecraft:play_time":13611,"minecraft:time_since_death":13611,"minecraft:walk_one_cm":22408,"minecraft:sneak_time":4,"minecraft:total_world_time":13611,"minecraft:fall_one_cm":209,"minecraft:fly_one_cm":479}},"DataVersion":3465}