{"stats":{"minecraft:used":{"minecraft:stone_sword":65,"minecraft:bread":5,"minecraft:stone_pickaxe":22,"minecraft:iron_pickaxe":45,"minecraft:wooden_sword":14,"minecraft:crafting_table":2},"minecraft:picked_up":{"born_in_chaos_v1:corpse_maggot":1,"minecraft:crafting_table":2,"minecraft:mud":12,"minecraft:stick":3,"minecraft:raw_iron":7,"minecraft:basalt":1,"born_in_chaos_v1:monster_flesh":1,"minecraft:sweet_berries":14,"create:raw_zinc":9,"minecraft:spruce_sapling":6,"minecraft:spruce_log":15,"minecraft:lapis_lazuli":7,"skilltree:gem":6,"minecraft:dirt":14,"minecraft:raw_copper":41,"rpgsmw:class_choose_orb":1,"minecraft:bone":2,"minecraft:rotten_flesh":2,"minecraft:cobbled_deepslate":168,"rpgsmw:class_remove_orb":1,"minecraft:mangrove_roots":3,"minecraft:oak_sapling":3,"minecraft:coal":4,"minecraft:cobblestone":241},"minecraft:mined":{"create:zinc_ore":10,"minecraft:mud":12,"minecraft:iron_ore":4,"minecraft:sweet_berry_bush":4,"minecraft:spruce_log":1,"minecraft:basalt":1,"minecraft:mangrove_roots":2,"treechop:chopped_log":8,"minecraft:crafting_table":1,"minecraft:grass":8,"minecraft:grass_block":4,"minecraft:coal_ore":2,"minecraft:dirt":11,"minecraft:copper_ore":11,"minecraft:spruce_leaves":6,"minecraft:lapis_ore":1,"minecraft:stone":248,"minecraft:oak_leaves":48,"minecraft:deepslate":182},"minecraft:crafted":{"minecraft:iron_ingot":0},"minecraft:dropped":{"minecraft:sweet_berries":2,"minecraft:crafting_table":1,"minecraft:spruce_sapling":6},"minecraft:killed":{"minecraft:skeleton":1},"minecraft:custom":{"minecraft:time_since_rest":42355,"minecraft:interact_with_furnace":2,"minecraft:sprint_one_cm":16455,"minecraft:damage_taken":650,"minecraft:walk_one_cm":141246,"minecraft:mob_kills":1,"minecraft:drop":6,"minecraft:damage_dealt":485,"minecraft:interact_with_crafting_table":10,"minecraft:fly_one_cm":6684,"minecraft:crouch_one_cm":59,"minecraft:play_time":61611,"minecraft:deaths":1,"minecraft:sneak_time":59,"minecraft:walk_under_water_one_cm":1183,"minecraft:jump":389,"minecraft:time_since_death":42273,"minecraft:walk_on_water_one_cm":1889,"minecraft:total_world_time":61611,"minecraft:fall_one_cm":4080}},"DataVersion":3465}