{"stats":{"minecraft:broken":{"rpgsmw:iron_scythe":1,"minecraft:wooden_sword":1,"minecraft:iron_sword":1,"minecraft:iron_pickaxe":4,"minecraft:wooden_axe":1,"rpgsmw:steel_pickaxe":1},"minecraft:dropped":{"born_in_chaos_v1:wood_splitter_axe":1,"minecraft:stripped_mangrove_wood":1,"minecraft:cooked_beef":10,"minecraft:oak_log":64,"minecraft:crossbow":1,"minecraft:cobblestone":64,"minecraft:deepslate_tile_wall":1,"jeg:scrap":26,"minecraft:coal":47,"scalinghealth:power_crystal":1,"minecraft:torch":11,"skilltree:gem":4,"beachparty:rubber_ring_pelican":1,"minecraft:sweet_berries":4,"alexsmobs:maggot":1,"minecraft:bowl":3,"minecraft:oak_planks":3,"minecraft:white_bed":1,"sophisticatedbackpacks:diamond_backpack":1,"minecraft:shield":1,"minecraft:cake":1,"minecraft:arrow":1},"minecraft:custom":{"minecraft:mob_kills":175,"minecraft:interact_with_crafting_table":61,"minecraft:damage_dealt_resisted":442,"minecraft:eat_cake_slice":15,"minecraft:time_since_death":51030,"minecraft:climb_one_cm":36812,"minecraft:sprint_one_cm":438169,"minecraft:walk_one_cm":468530,"minecraft:damage_blocked_by_shield":62,"minecraft:drop":24,"minecraft:play_noteblock":1,"minecraft:play_time":362787,"minecraft:deaths":17,"minecraft:sneak_time":4576,"minecraft:walk_under_water_one_cm":34756,"minecraft:jump":5495,"minecraft:interact_with_blast_furnace":62,"minecraft:walk_on_water_one_cm":67080,"minecraft:total_world_time":362787,"minecraft:interact_with_furnace":87,"minecraft:sleep_in_bed":7,"minecraft:time_since_rest":51059,"minecraft:damage_taken":10574,"minecraft:damage_dealt":31209,"minecraft:swim_one_cm":36556,"minecraft:fly_one_cm":447025,"minecraft:open_chest":316,"minecraft:crouch_one_cm":5120,"minecraft:interact_with_smoker":1,"minecraft:fall_one_cm":103412},"minecraft:crafted":{"minecraft:oak_planks":192,"minecraft:cooked_chicken":5,"minecraft:furnace":4,"minecraft:cooked_mutton":15,"minecraft:diamond":2,"sophisticatedbackpacks:copper_backpack":1,"rpgsmw:mortar_and_pestle":4,"minecraft:stone_pickaxe":1,"minecraft:chest":4,"minecraft:dark_oak_planks":4,"rpgsmw:fabric":15,"minecraft:cooked_beef":11,"sophisticatedbackpacks:backpack":1,"rpgsmw:amethysted_fabric":12,"minecraft:crafting_table":2,"minecraft:wooden_pickaxe":1,"rpgsmw:steel":10,"minecraft:iron_sword":1,"rpgsmw:miphrilignot":8,"minecraft:copper_ingot":128,"scalinghealth:heart_crystal":1,"minecraft:mangrove_planks":4,"rpgsmw:amethyst_dust":72,"rpgsmw:rainforcedstick":5,"minecraft:air":0,"minecraft:jungle_planks":8,"minecraft:charcoal":1,"sophisticatedbackpacks:diamond_backpack":1,"minecraft:stick":228,"minecraft:iron_ingot":89,"minecraft:iron_pickaxe":2,"minecraft:wooden_axe":1,"minecraft:gold_ingot":5,"minecraft:white_bed":2,"minecraft:torch":536},"minecraft:used":{"rpgsmw:iron_scythe":201,"minecraft:chest":12,"minecraft:shield":3,"minecraft:iron_sword":248,"born_in_chaos_v1:black_argillite":1,"minecraft:bell":1,"minecraft:cooked_chicken":6,"minecraft:torch":481,"scalinghealth:heart_crystal":7,"minecraft:wooden_axe":61,"rpgsmw:steel_sword":149,"scalinghealth:power_crystal":1,"minecraft:furnace":9,"minecraft:cooked_beef":8,"rpgsmw:steel_pickaxe":707,"minecraft:cooked_mutton":13,"minecraft:amethyst_block":9,"minecraft:stone_pickaxe":84,"minecraft:wooden_pickaxe":42,"supplementaries:bomb":1,"minecraft:crafting_table":6,"minecraft:blast_furnace":7,"minecraft:white_bed":5,"minecraft:note_block":1,"minecraft:cake":4,"minecraft:iron_pickaxe":1001,"minecraft:wooden_sword":59,"minecraft:cobblestone":134,"born_in_chaos_v1:wood_splitter_axe":6,"minecraft:bone_meal":7,"minecraft:cobweb":8},"minecraft:killed":{"born_in_chaos_v1:zombie_clown":1,"minecraft:witch":1,"born_in_chaos_v1:restless_spirit":3,"born_in_chaos_v1:zombie_lumberjack":3,"alexsmobs:raccoon":2,"minecraft:spider":9,"born_in_chaos_v1:zombie_bruiser":2,"born_in_chaos_v1:maggot":14,"minecraft:skeleton":14,"minecraft:horse":5,"minecraft:chicken":7,"minecraft:silverfish":3,"alexsmobs:bison":1,"minecraft:zombie_villager":1,"born_in_chaos_v1:diamond_termite":29,"born_in_chaos_v1:swarmer":1,"born_in_chaos_v1:baby_skeleton":5,"minecraft:bat":1,"minecraft:creeper":5,"born_in_chaos_v1:decrepit_skeleton":5,"minecraft:sheep":11,"minecraft:zombie":22,"alexsmobs:cockroach":3,"born_in_chaos_v1:dread_hound":3,"born_in_chaos_v1:corpse_fly":9,"born_in_chaos_v1:nightmare_stalker":1,"alexsmobs:fly":1,"minecraft:glow_squid":2,"minecraft:cow":2},"minecraft:picked_up":{"minecraft:charcoal":1,"minecraft:crafting_table":5,"born_in_chaos_v1:diamond_termite_shard":28,"minecraft:allium":2,"minecraft:chicken":12,"minecraft:flower_pot":4,"minecraft:shield":2,"minecraft:amethyst_block":9,"born_in_chaos_v1:black_argillite":1,"minecraft:string":24,"minecraft:waxed_cut_copper_slab":1,"minecraft:raw_copper":227,"minecraft:wooden_sword":2,"minecraft:red_nether_bricks":6,"supplementaries:bomb":5,"minecraft:gold_nugget":50,"minecraft:cobbled_deepslate":92,"rpgsmw:rawmiphrilignot":9,"minecraft:spruce_planks":2,"minecraft:beef":11,"born_in_chaos_v1:gnawed_bones":1,"minecraft:calcite":14,"minecraft:iron_nugget":29,"born_in_chaos_v1:stimulating_decoction":1,"minecraft:iron_pickaxe":2,"alexsmobs:raccoon_tail":1,"minecraft:deepslate_tile_wall":2,"minecraft:chest":2,"minecraft:birch_sapling":1,"minecraft:egg":3,"minecraft:mangrove_log":1,"minecraft:iron_boots":1,"minecraft:furnace":5,"minecraft:stick":30,"minecraft:raw_iron":270,"minecraft:stripped_mangrove_wood":1,"meds_and_herbs:bark_oak":16,"minecraft:copper_ingot":128,"minecraft:torch":229,"minecraft:bowl":6,"minecraft:spruce_stairs":1,"minecraft:note_block":4,"sophisticatedbackpacks:backpack":1,"minecraft:cake":3,"born_in_chaos_v1:nightmare_claw":1,"minecraft:diorite":10,"born_in_chaos_v1:pieceofdarkmetal":13,"minecraft:carrot":8,"minecraft:redstone":384,"minecraft:stone_sword":2,"minecraft:arrow":22,"minecraft:rotten_flesh":63,"born_in_chaos_v1:wood_splitter_axe":2,"farmersdelight:onion":1,"rpgsmw:pinarium":6,"supplementaries:antique_ink":6,"create:asurine":30,"create:veridium":64,"gamma_beasts:coal_nugget":88,"supplementaries:ash":104,"minecraft:mutton":35,"minecraft:skeleton_skull":1,"minecraft:snowball":7,"minecraft:white_wool":18,"minecraft:cobblestone":429,"minecraft:stripped_oak_log":1,"born_in_chaos_v1:corpse_maggot":17,"rpgsmw:steel":1,"minecraft:feather":48,"minecraft:cooked_beef":32,"born_in_chaos_v1:monster_flesh":3,"minecraft:tripwire_hook":2,"minecraft:glow_ink_sac":5,"minecraft:jungle_log":4,"minecraft:leather":33,"minecraft:potato":1,"gamma_beasts:prehnite":50,"alexsmobs:bison_fur":2,"scalinghealth:bandages":5,"minecraft:tuff":8,"create:raw_zinc":159,"minecraft:oak_log":256,"supplementaries:flax_seeds":3,"jeg:scrap":365,"minecraft:gunpowder":8,"scalinghealth:heart_crystal":4,"skilltree:gem":181,"minecraft:lapis_lazuli":273,"minecraft:dirt":56,"born_in_chaos_v1:monster_skin":4,"minecraft:leather_boots":2,"minecraft:cooked_mutton":14,"minecraft:bone":58,"minecraft:apple":7,"minecraft:bow":1,"minecraft:wheat_seeds":7,"minecraft:raw_gold":74,"alexsmobs:cockroach_wing_fragment":1,"minecraft:glass_bottle":1,"minecraft:iron_ingot":53,"minecraft:stone_pickaxe":4,"minecraft:cooked_chicken":4,"scalinghealth:power_crystal_shard":22,"minecraft:flowering_azalea":2,"minecraft:iron_sword":2,"minecraft:oak_planks":164,"jeg:tech_trash":31,"sophisticatedbackpacks:diamond_backpack":1,"minecraft:book":6,"scalinghealth:heart_crystal_shard":12,"minecraft:smooth_basalt":25,"minecraft:sweet_berries":4,"born_in_chaos_v1:ethereal_spirit":2,"minecraft:amethyst_shard":39,"minecraft:blast_furnace":6,"minecraft:white_bed":4,"minecraft:spruce_log":2,"minecraft:spider_eye":2,"minecraft:dark_oak_log":1,"alexsmobs:animal_dictionary":3,"rpgsmw:class_choose_orb":2,"beachparty:rubber_ring_pelican":1,"minecraft:diamond":10,"minecraft:stone_axe":2,"minecraft:crossbow":2,"minecraft:bread":18,"minecraft:emerald":12,"alexsmobs:maggot":2,"minecraft:oak_sapling":36,"minecraft:black_wool":2,"minecraft:coal":512},"minecraft:mined":{"minecraft:infested_deepslate":2,"create:zinc_ore":47,"minecraft:large_amethyst_bud":4,"create:deepslate_zinc_ore":98,"minecraft:tuff":4,"minecraft:deepslate_diamond_ore":10,"farmersdelight:wild_carrots":4,"born_in_chaos_v1:infected_diamond_ore":13,"minecraft:glow_lichen":1,"born_in_chaos_v1:dark_metal_deposit":7,"born_in_chaos_v1:black_argillite":1,"farmersdelight:wild_onions":1,"minecraft:redstone_ore":11,"minecraft:furnace":3,"minecraft:iron_ore":121,"gamma_beasts:prehnite_ore":29,"treechop:chopped_log":25,"minecraft:deepslate_lapis_ore":32,"create:asurine":30,"minecraft:deepslate_iron_ore":152,"scalinghealth:deepslate_power_crystal_ore":18,"minecraft:stone":275,"create:veridium":64,"farmersdelight:wild_potatoes":1,"minecraft:podzol":1,"minecraft:deepslate_redstone_ore":75,"jeg:scrap_ore":61,"minecraft:amethyst_cluster":13,"born_in_chaos_v1:infected_deepslate_diamond_ore":2,"minecraft:crafting_table":4,"minecraft:torch":18,"minecraft:note_block":1,"minecraft:calcite":14,"minecraft:chest":1,"minecraft:cobblestone":18,"minecraft:copper_ore":49,"minecraft:deepslate_gold_ore":64,"minecraft:lapis_ore":16,"minecraft:amethyst_block":11,"minecraft:wall_torch":18,"supplementaries:urn":42,"gamma_beasts:deepslate_prehnite_ore":22,"jeg:deepslate_scrap_ore":100,"rpgsmw:mineral_ore":6,"minecraft:sweet_berry_bush":2,"minecraft:grass":8,"minecraft:oak_log":10,"minecraft:coal_ore":270,"minecraft:cobweb":8,"minecraft:smooth_basalt":28,"minecraft:gold_ore":13,"minecraft:deepslate":87,"minecraft:infested_stone":1}},"DataVersion":3465}