{"stats":{"minecraft:used":{"minecraft:wooden_axe":61,"minecraft:stone_pickaxe":19,"minecraft:wooden_pickaxe":42,"minecraft:wooden_sword":14,"minecraft:crafting_table":2,"minecraft:furnace":1},"minecraft:broken":{"minecraft:wooden_axe":1},"minecraft:mined":{"minecraft:podzol":1,"treechop:chopped_log":25,"minecraft:crafting_table":1,"minecraft:grass":4,"minecraft:coal_ore":13,"minecraft:oak_log":10,"minecraft:stone":48},"minecraft:custom":{"minecraft:time_since_rest":11709,"minecraft:interact_with_furnace":3,"minecraft:sprint_one_cm":18627,"minecraft:damage_taken":179,"minecraft:walk_one_cm":17711,"minecraft:mob_kills":6,"minecraft:damage_dealt":416,"minecraft:interact_with_crafting_table":4,"minecraft:swim_one_cm":3723,"minecraft:fly_one_cm":17713,"minecraft:crouch_one_cm":157,"minecraft:play_time":15334,"minecraft:deaths":1,"minecraft:sneak_time":195,"minecraft:walk_under_water_one_cm":684,"minecraft:jump":172,"minecraft:walk_on_water_one_cm":579,"minecraft:time_since_death":11686,"minecraft:climb_one_cm":1233,"minecraft:total_world_time":15334,"minecraft:fall_one_cm":2057},"minecraft:picked_up":{"minecraft:stripped_oak_log":1,"minecraft:stick":14,"minecraft:crafting_table":1,"minecraft:feather":5,"minecraft:chicken":3,"meds_and_herbs:bark_oak":4,"minecraft:leather":4,"minecraft:oak_log":34,"minecraft:shield":1,"skilltree:gem":1,"alexsmobs:animal_dictionary":1,"minecraft:dirt":1,"rpgsmw:class_choose_orb":1,"minecraft:wooden_sword":1,"minecraft:leather_boots":1,"minecraft:wheat_seeds":1,"minecraft:beef":5,"gamma_beasts:coal_nugget":4,"minecraft:bread":9,"minecraft:oak_sapling":18,"minecraft:coal":13,"minecraft:mutton":2,"minecraft:oak_planks":2,"minecraft:white_wool":1,"minecraft:cobblestone":48},"minecraft:killed":{"minecraft:sheep":1,"minecraft:chicken":3,"minecraft:cow":2},"minecraft:crafted":{"minecraft:oak_planks":12,"minecraft:charcoal":1,"minecraft:crafting_table":1,"minecraft:stick":4,"minecraft:wooden_pickaxe":1,"minecraft:stone_pickaxe":1,"minecraft:wooden_axe":1,"minecraft:air":0,"minecraft:cooked_beef":0}},"DataVersion":3465}