{"stats":{"minecraft:crafted":{"minecraft:oak_planks":192,"minecraft:cooked_chicken":5,"minecraft:cooked_mutton":15,"sophisticatedbackpacks:copper_backpack":1,"minecraft:chest":4,"sophisticatedbackpacks:backpack":1,"rpgsmw:amethysted_fabric":12,"minecraft:cooked_porkchop":42,"minecraft:crafting_table":2,"minecraft:wooden_pickaxe":1,"rpgsmw:miphrilignot":9,"minecraft:copper_ingot":128,"rpgsmw:amethyst_dust":72,"minecraft:charcoal":1,"sophisticatedbackpacks:diamond_backpack":1,"minecraft:stick":272,"minecraft:iron_ingot":94,"minecraft:iron_pickaxe":5,"minecraft:gold_ingot":5,"minecraft:furnace":4,"minecraft:diamond":2,"rpgsmw:mortar_and_pestle":4,"minecraft:stone_pickaxe":1,"minecraft:dark_oak_planks":4,"rpgsmw:fabric":15,"minecraft:cooked_beef":11,"supplementaries:present":1,"rpgsmw:steel":10,"minecraft:iron_sword":1,"scalinghealth:heart_crystal":2,"minecraft:mangrove_planks":4,"minecraft:air":0,"rpgsmw:rainforcedstick":5,"minecraft:jungle_planks":16,"minecraft:wooden_axe":1,"minecraft:white_bed":2,"minecraft:acacia_planks":8,"minecraft:torch":696},"minecraft:broken":{"minecraft:wooden_sword":1,"minecraft:iron_sword":1,"minecraft:wooden_axe":1,"rpgsmw:steel_pickaxe":1,"rpgsmw:steel_sword":1,"rpgsmw:iron_scythe":1,"gamma_beasts:prehnite_pickaxe":1,"minecraft:iron_pickaxe":6},"minecraft:custom":{"minecraft:interact_with_crafting_table":70,"minecraft:eat_cake_slice":18,"minecraft:leave_game":1,"minecraft:time_since_death":208333,"minecraft:sprint_one_cm":747608,"minecraft:damage_blocked_by_shield":62,"minecraft:drop":24,"minecraft:play_noteblock":1,"minecraft:play_time":520090,"minecraft:deaths":17,"minecraft:jump":8160,"minecraft:walk_on_water_one_cm":97731,"minecraft:interact_with_furnace":87,"minecraft:sleep_in_bed":11,"minecraft:damage_dealt":54934,"minecraft:crouch_one_cm":19059,"minecraft:interact_with_smoker":12,"minecraft:mob_kills":293,"minecraft:damage_dealt_resisted":766,"minecraft:climb_one_cm":56303,"minecraft:walk_one_cm":783859,"minecraft:sneak_time":13812,"minecraft:walk_under_water_one_cm":50138,"minecraft:interact_with_blast_furnace":99,"minecraft:total_world_time":520090,"minecraft:time_since_rest":75862,"minecraft:damage_taken":13445,"minecraft:swim_one_cm":50572,"minecraft:fly_one_cm":610630,"minecraft:open_chest":413,"minecraft:fall_one_cm":138055},"minecraft:killed":{"born_in_chaos_v1:zombie_clown":3,"minecraft:cave_spider":15,"minecraft:witch":1,"born_in_chaos_v1:restless_spirit":5,"born_in_chaos_v1:zombie_lumberjack":4,"born_in_chaos_v1:skeleton_demoman":2,"minecraft:spider":11,"born_in_chaos_v1:baby_skeleton_minion":4,"minecraft:skeleton":25,"minecraft:chicken":11,"minecraft:silverfish":6,"jeg:ghoul":3,"born_in_chaos_v1:bonescaller":1,"born_in_chaos_v1:diamond_termite":38,"minecraft:zombie_villager":4,"minecraft:creeper":8,"minecraft:sheep":11,"minecraft:zombie":37,"born_in_chaos_v1:dread_hound":9,"born_in_chaos_v1:corpse_fly":15,"alexsmobs:fly":1,"minecraft:glow_squid":2,"minecraft:cow":2,"alexsmobs:raccoon":2,"born_in_chaos_v1:zombie_bruiser":2,"born_in_chaos_v1:maggot":26,"minecraft:horse":5,"alexsmobs:bison":1,"alexsmobs:underminer":1,"born_in_chaos_v1:baby_skeleton":5,"born_in_chaos_v1:swarmer":2,"minecraft:bat":2,"born_in_chaos_v1:decrepit_skeleton":10,"born_in_chaos_v1:bloody_gadfly":1,"alexsmobs:cockroach":3,"born_in_chaos_v1:dark_vortex":1,"born_in_chaos_v1:nightmare_stalker":1,"minecraft:enderman":1},"minecraft:picked_up":{"minecraft:flower_pot":4,"born_in_chaos_v1:bloody_gadfly_eye":1,"minecraft:amethyst_block":9,"born_in_chaos_v1:black_argillite":1,"minecraft:string":253,"minecraft:waxed_cut_copper_slab":1,"minecraft:raw_copper":227,"minecraft:red_nether_bricks":6,"minecraft:gold_nugget":81,"minecraft:cobbled_deepslate":103,"minecraft:spruce_planks":2,"rpgsmw:rawmiphrilignot":10,"minecraft:calcite":14,"minecraft:iron_pickaxe":2,"alexsmobs:raccoon_tail":1,"minecraft:deepslate_tile_wall":2,"born_in_chaos_v1:stimulating_decoction":3,"minecraft:mangrove_log":1,"minecraft:iron_boots":3,"minecraft:furnace":5,"minecraft:stick":30,"born_in_chaos_v1:shattered_skull":1,"minecraft:oak_fence":4,"minecraft:torch":270,"minecraft:acacia_log":2,"minecraft:spruce_stairs":1,"minecraft:diorite":10,"born_in_chaos_v1:nightmare_claw":1,"minecraft:stone_sword":2,"minecraft:rotten_flesh":99,"create:scoria":3,"farmersdelight:onion":1,"supplementaries:antique_ink":7,"create:asurine":30,"create:veridium":64,"gamma_beasts:coal_nugget":192,"supplementaries:ash":171,"minecraft:snowball":7,"minecraft:cobblestone":723,"minecraft:birch_log":5,"candlelight:lettuce":1,"minecraft:cooked_beef":32,"rpgsmw:steel":1,"minecraft:feather":53,"minecraft:jungle_log":6,"minecraft:andesite":1,"minecraft:potato":1,"gamma_beasts:prehnite":111,"alexsmobs:bison_fur":2,"minecraft:tuff":9,"create:raw_zinc":191,"supplementaries:flax_seeds":10,"jeg:scrap":389,"skilltree:gem":262,"minecraft:lapis_lazuli":287,"minecraft:dirt":60,"born_in_chaos_v1:monster_skin":6,"minecraft:leather_boots":2,"minecraft:bone":106,"minecraft:bow":3,"minecraft:wheat_seeds":7,"minecraft:raw_gold":89,"minecraft:oak_planks":164,"minecraft:sand":108,"minecraft:dark_oak_log":1,"alexsmobs:animal_dictionary":3,"rpgsmw:class_choose_orb":2,"beachparty:rubber_ring_pelican":1,"minecraft:diamond":37,"minecraft:crossbow":2,"minecraft:bread":23,"minecraft:emerald":27,"alexsmobs:maggot":2,"minecraft:oak_sapling":36,"supplementaries:present":1,"minecraft:charcoal":1,"born_in_chaos_v1:diamond_termite_shard":38,"minecraft:crafting_table":6,"minecraft:allium":2,"minecraft:chicken":16,"born_in_chaos_v1:seedof_chaos":2,"minecraft:shield":2,"minecraft:wooden_sword":2,"born_in_chaos_v1:intoxicating_decoction":1,"supplementaries:bomb":5,"minecraft:beef":11,"born_in_chaos_v1:gnawed_bones":4,"minecraft:iron_nugget":29,"minecraft:chest":2,"minecraft:birch_sapling":1,"minecraft:egg":3,"minecraft:raw_iron":470,"minecraft:stripped_mangrove_wood":1,"meds_and_herbs:bark_oak":16,"minecraft:copper_ingot":128,"minecraft:bowl":6,"sophisticatedbackpacks:backpack":1,"minecraft:note_block":4,"minecraft:cake":3,"minecraft:redstone":389,"born_in_chaos_v1:pieceofdarkmetal":13,"minecraft:carrot":8,"jeg:healing_talisman":3,"minecraft:arrow":30,"born_in_chaos_v1:wood_splitter_axe":2,"rpgsmw:pinarium":9,"minecraft:mutton":35,"minecraft:rail":4,"minecraft:skeleton_skull":1,"minecraft:white_wool":18,"minecraft:stripped_oak_log":1,"born_in_chaos_v1:corpse_maggot":37,"minecraft:glow_ink_sac":5,"born_in_chaos_v1:monster_flesh":4,"minecraft:tripwire_hook":2,"minecraft:leather":33,"minecraft:oak_log":256,"scalinghealth:bandages":6,"minecraft:gunpowder":15,"scalinghealth:heart_crystal":9,"minecraft:cooked_mutton":14,"minecraft:apple":7,"alexsmobs:cockroach_wing_fragment":1,"minecraft:iron_ingot":54,"minecraft:stone_pickaxe":4,"minecraft:cooked_chicken":4,"scalinghealth:power_crystal_shard":24,"minecraft:glass_bottle":1,"minecraft:iron_sword":2,"minecraft:flowering_azalea":2,"jeg:tech_trash":34,"sophisticatedbackpacks:diamond_backpack":1,"minecraft:book":6,"scalinghealth:heart_crystal_shard":23,"minecraft:smooth_basalt":25,"minecraft:sweet_berries":4,"born_in_chaos_v1:ethereal_spirit":5,"born_in_chaos_v1:dark_rod":2,"minecraft:amethyst_shard":39,"minecraft:blast_furnace":6,"minecraft:white_bed":4,"minecraft:spruce_log":2,"minecraft:spider_eye":7,"jeg:ectoplasm":3,"minecraft:stone_axe":2,"minecraft:black_wool":2,"minecraft:coal":853},"minecraft:mined":{"minecraft:large_amethyst_bud":4,"create:deepslate_zinc_ore":98,"born_in_chaos_v1:dark_metal_deposit":7,"minecraft:grass_block":4,"supplementaries:present":1,"minecraft:iron_ore":265,"minecraft:deepslate_lapis_ore":34,"create:asurine":30,"scalinghealth:deepslate_power_crystal_ore":19,"create:veridium":64,"farmersdelight:wild_potatoes":1,"minecraft:deepslate_redstone_ore":76,"minecraft:amethyst_cluster":13,"born_in_chaos_v1:infected_deepslate_diamond_ore":3,"minecraft:torch":25,"minecraft:note_block":1,"minecraft:calcite":14,"minecraft:chest":1,"create:scoria":3,"minecraft:cobblestone":37,"minecraft:wall_torch":25,"minecraft:amethyst_block":11,"minecraft:grass":8,"minecraft:oak_log":10,"minecraft:sand":78,"minecraft:smooth_basalt":28,"minecraft:deepslate":96,"minecraft:infested_deepslate":2,"create:zinc_ore":79,"minecraft:tuff":5,"scalinghealth:power_crystal_ore":1,"minecraft:deepslate_diamond_ore":11,"farmersdelight:wild_carrots":4,"born_in_chaos_v1:infected_diamond_ore":18,"minecraft:glow_lichen":1,"born_in_chaos_v1:black_argillite":1,"farmersdelight:wild_onions":1,"minecraft:redstone_ore":11,"minecraft:furnace":3,"gamma_beasts:prehnite_ore":76,"minecraft:andesite":1,"treechop:chopped_log":25,"minecraft:deepslate_iron_ore":204,"minecraft:stone":557,"minecraft:podzol":1,"jeg:scrap_ore":73,"minecraft:oak_fence":4,"minecraft:crafting_table":5,"minecraft:emerald_ore":1,"minecraft:copper_ore":49,"minecraft:deepslate_coal_ore":2,"minecraft:lapis_ore":16,"minecraft:deepslate_gold_ore":73,"supplementaries:urn":79,"jeg:deepslate_scrap_ore":101,"gamma_beasts:deepslate_prehnite_ore":37,"rpgsmw:mineral_ore":9,"minecraft:sweet_berry_bush":2,"minecraft:coal_ore":610,"minecraft:cobweb":228,"minecraft:gold_ore":21,"minecraft:infested_stone":1},"minecraft:dropped":{"minecraft:stripped_mangrove_wood":1,"minecraft:cooked_beef":10,"minecraft:oak_log":64,"minecraft:crossbow":1,"minecraft:deepslate_tile_wall":1,"jeg:scrap":26,"beachparty:rubber_ring_pelican":1,"minecraft:oak_planks":3,"minecraft:white_bed":1,"sophisticatedbackpacks:diamond_backpack":1,"minecraft:arrow":1,"born_in_chaos_v1:wood_splitter_axe":1,"minecraft:cobblestone":64,"minecraft:coal":47,"scalinghealth:power_crystal":1,"minecraft:torch":11,"skilltree:gem":4,"alexsmobs:maggot":1,"minecraft:sweet_berries":4,"minecraft:bowl":3,"minecraft:shield":1,"minecraft:cake":1},"minecraft:used":{"minecraft:chest":12,"minecraft:shield":3,"minecraft:iron_sword":248,"minecraft:bell":1,"gamma_beasts:prehnite_pickaxe":338,"rpgsmw:steel_sword":471,"supplementaries:present_magenta":1,"minecraft:furnace":9,"rpgsmw:steel_pickaxe":707,"minecraft:stone_pickaxe":84,"minecraft:wooden_pickaxe":42,"minecraft:sand":1,"minecraft:blast_furnace":7,"minecraft:note_block":1,"minecraft:wooden_sword":59,"minecraft:bone_meal":7,"minecraft:cobweb":8,"rpgsmw:iron_scythe":201,"born_in_chaos_v1:black_argillite":1,"minecraft:cooked_chicken":6,"minecraft:torch":852,"minecraft:dirt":4,"scalinghealth:heart_crystal":14,"minecraft:wooden_axe":61,"supplementaries:present":1,"scalinghealth:power_crystal":1,"minecraft:cooked_beef":8,"minecraft:cooked_mutton":13,"minecraft:amethyst_block":9,"minecraft:crafting_table":7,"supplementaries:bomb":1,"minecraft:white_bed":5,"minecraft:cake":4,"gamma_beasts:prehnite_shovel":80,"minecraft:iron_pickaxe":1673,"rpgsmw:miphril_scythe":285,"minecraft:cobblestone":190,"minecraft:cooked_porkchop":20,"born_in_chaos_v1:wood_splitter_axe":11}},"DataVersion":3465}