{"stats":{"minecraft:crafted":{"minecraft:oak_planks":192,"minecraft:cooked_chicken":5,"minecraft:furnace":4,"minecraft:cooked_mutton":15,"minecraft:diamond":2,"sophisticatedbackpacks:copper_backpack":1,"rpgsmw:mortar_and_pestle":4,"minecraft:stone_pickaxe":1,"minecraft:chest":4,"minecraft:dark_oak_planks":4,"rpgsmw:fabric":15,"minecraft:cooked_beef":11,"sophisticatedbackpacks:backpack":1,"rpgsmw:amethysted_fabric":12,"minecraft:cooked_porkchop":42,"minecraft:crafting_table":2,"minecraft:wooden_pickaxe":1,"supplementaries:present":1,"rpgsmw:steel":10,"minecraft:iron_sword":1,"rpgsmw:miphrilignot":9,"minecraft:copper_ingot":128,"scalinghealth:heart_crystal":2,"minecraft:mangrove_planks":4,"rpgsmw:amethyst_dust":72,"minecraft:jungle_planks":8,"rpgsmw:rainforcedstick":5,"minecraft:air":0,"minecraft:charcoal":1,"sophisticatedbackpacks:diamond_backpack":1,"minecraft:stick":240,"minecraft:iron_ingot":94,"minecraft:iron_pickaxe":3,"minecraft:wooden_axe":1,"minecraft:gold_ingot":5,"minecraft:white_bed":2,"minecraft:torch":536},"minecraft:broken":{"rpgsmw:iron_scythe":1,"gamma_beasts:prehnite_pickaxe":1,"minecraft:wooden_sword":1,"minecraft:iron_sword":1,"minecraft:iron_pickaxe":4,"minecraft:wooden_axe":1,"rpgsmw:steel_pickaxe":1},"minecraft:custom":{"minecraft:mob_kills":202,"minecraft:interact_with_crafting_table":68,"minecraft:damage_dealt_resisted":442,"minecraft:eat_cake_slice":18,"minecraft:leave_game":1,"minecraft:time_since_death":136333,"minecraft:climb_one_cm":43443,"minecraft:sprint_one_cm":593098,"minecraft:walk_one_cm":609351,"minecraft:damage_blocked_by_shield":62,"minecraft:drop":24,"minecraft:play_noteblock":1,"minecraft:play_time":448090,"minecraft:deaths":17,"minecraft:sneak_time":9636,"minecraft:walk_under_water_one_cm":39201,"minecraft:jump":6345,"minecraft:interact_with_blast_furnace":99,"minecraft:walk_on_water_one_cm":74688,"minecraft:total_world_time":448090,"minecraft:interact_with_furnace":87,"minecraft:sleep_in_bed":11,"minecraft:time_since_rest":3862,"minecraft:damage_taken":11275,"minecraft:damage_dealt":36210,"minecraft:swim_one_cm":40005,"minecraft:fly_one_cm":486078,"minecraft:open_chest":404,"minecraft:crouch_one_cm":14925,"minecraft:interact_with_smoker":12,"minecraft:fall_one_cm":110086},"minecraft:killed":{"born_in_chaos_v1:zombie_clown":1,"minecraft:cave_spider":4,"minecraft:witch":1,"born_in_chaos_v1:zombie_lumberjack":3,"born_in_chaos_v1:restless_spirit":4,"born_in_chaos_v1:skeleton_demoman":1,"alexsmobs:raccoon":2,"minecraft:spider":9,"born_in_chaos_v1:zombie_bruiser":2,"born_in_chaos_v1:maggot":19,"minecraft:horse":5,"minecraft:skeleton":15,"minecraft:chicken":10,"alexsmobs:underminer":1,"minecraft:silverfish":3,"alexsmobs:bison":1,"jeg:ghoul":3,"minecraft:zombie_villager":1,"born_in_chaos_v1:diamond_termite":29,"born_in_chaos_v1:baby_skeleton":5,"born_in_chaos_v1:swarmer":1,"minecraft:bat":1,"minecraft:creeper":6,"born_in_chaos_v1:decrepit_skeleton":7,"minecraft:sheep":11,"alexsmobs:cockroach":3,"minecraft:zombie":26,"born_in_chaos_v1:dread_hound":4,"born_in_chaos_v1:corpse_fly":9,"born_in_chaos_v1:nightmare_stalker":1,"alexsmobs:fly":1,"minecraft:glow_squid":2,"minecraft:cow":2},"minecraft:picked_up":{"minecraft:charcoal":1,"minecraft:crafting_table":5,"born_in_chaos_v1:diamond_termite_shard":28,"minecraft:allium":2,"minecraft:chicken":15,"minecraft:flower_pot":4,"minecraft:shield":2,"minecraft:amethyst_block":9,"born_in_chaos_v1:black_argillite":1,"minecraft:string":211,"minecraft:waxed_cut_copper_slab":1,"minecraft:raw_copper":227,"minecraft:wooden_sword":2,"minecraft:red_nether_bricks":6,"supplementaries:bomb":5,"minecraft:gold_nugget":50,"minecraft:cobbled_deepslate":92,"minecraft:spruce_planks":2,"rpgsmw:rawmiphrilignot":9,"minecraft:beef":11,"born_in_chaos_v1:gnawed_bones":2,"minecraft:calcite":14,"minecraft:iron_nugget":29,"minecraft:iron_pickaxe":2,"alexsmobs:raccoon_tail":1,"minecraft:deepslate_tile_wall":2,"born_in_chaos_v1:stimulating_decoction":1,"minecraft:chest":2,"minecraft:birch_sapling":1,"minecraft:mangrove_log":1,"minecraft:egg":3,"minecraft:iron_boots":1,"minecraft:furnace":5,"minecraft:stick":30,"minecraft:raw_iron":309,"minecraft:stripped_mangrove_wood":1,"meds_and_herbs:bark_oak":16,"minecraft:copper_ingot":128,"minecraft:torch":238,"minecraft:bowl":6,"minecraft:spruce_stairs":1,"minecraft:note_block":4,"sophisticatedbackpacks:backpack":1,"minecraft:cake":3,"born_in_chaos_v1:nightmare_claw":1,"minecraft:carrot":8,"minecraft:diorite":10,"born_in_chaos_v1:pieceofdarkmetal":13,"minecraft:redstone":384,"minecraft:stone_sword":2,"minecraft:arrow":23,"jeg:healing_talisman":3,"minecraft:rotten_flesh":71,"create:scoria":3,"born_in_chaos_v1:wood_splitter_axe":2,"farmersdelight:onion":1,"rpgsmw:pinarium":6,"supplementaries:antique_ink":6,"create:asurine":30,"gamma_beasts:coal_nugget":128,"create:veridium":64,"supplementaries:ash":104,"minecraft:snowball":7,"minecraft:mutton":35,"minecraft:birch_log":5,"minecraft:white_wool":18,"minecraft:skeleton_skull":1,"minecraft:rail":3,"minecraft:cobblestone":524,"minecraft:stripped_oak_log":1,"candlelight:lettuce":1,"born_in_chaos_v1:corpse_maggot":19,"minecraft:feather":52,"rpgsmw:steel":1,"minecraft:cooked_beef":32,"born_in_chaos_v1:monster_flesh":3,"minecraft:tripwire_hook":2,"minecraft:glow_ink_sac":5,"minecraft:jungle_log":4,"minecraft:leather":33,"gamma_beasts:prehnite":64,"minecraft:potato":1,"alexsmobs:bison_fur":2,"minecraft:oak_log":256,"minecraft:tuff":8,"create:raw_zinc":189,"scalinghealth:bandages":6,"supplementaries:flax_seeds":3,"jeg:scrap":387,"skilltree:gem":207,"minecraft:gunpowder":10,"scalinghealth:heart_crystal":5,"minecraft:lapis_lazuli":273,"minecraft:dirt":60,"born_in_chaos_v1:monster_skin":5,"minecraft:cooked_mutton":14,"minecraft:leather_boots":2,"minecraft:bone":65,"minecraft:apple":7,"minecraft:bow":1,"minecraft:wheat_seeds":7,"minecraft:raw_gold":74,"alexsmobs:cockroach_wing_fragment":1,"minecraft:stone_pickaxe":4,"minecraft:cooked_chicken":4,"minecraft:iron_ingot":53,"scalinghealth:power_crystal_shard":22,"jeg:tech_trash":34,"minecraft:oak_planks":164,"minecraft:glass_bottle":1,"minecraft:flowering_azalea":2,"minecraft:iron_sword":2,"sophisticatedbackpacks:diamond_backpack":1,"minecraft:book":6,"scalinghealth:heart_crystal_shard":23,"minecraft:smooth_basalt":25,"minecraft:sweet_berries":4,"born_in_chaos_v1:ethereal_spirit":4,"minecraft:sand":108,"minecraft:amethyst_shard":39,"minecraft:blast_furnace":6,"minecraft:white_bed":4,"minecraft:spruce_log":2,"minecraft:dark_oak_log":1,"alexsmobs:animal_dictionary":3,"minecraft:spider_eye":3,"rpgsmw:class_choose_orb":2,"beachparty:rubber_ring_pelican":1,"jeg:ectoplasm":3,"minecraft:diamond":36,"minecraft:stone_axe":2,"minecraft:crossbow":2,"minecraft:emerald":12,"minecraft:bread":23,"alexsmobs:maggot":2,"minecraft:oak_sapling":36,"minecraft:black_wool":2,"minecraft:coal":654,"supplementaries:present":1},"minecraft:mined":{"minecraft:infested_deepslate":2,"create:zinc_ore":77,"minecraft:large_amethyst_bud":4,"create:deepslate_zinc_ore":98,"minecraft:tuff":4,"minecraft:deepslate_diamond_ore":10,"farmersdelight:wild_carrots":4,"born_in_chaos_v1:infected_diamond_ore":13,"minecraft:glow_lichen":1,"minecraft:grass_block":4,"born_in_chaos_v1:dark_metal_deposit":7,"supplementaries:present":1,"born_in_chaos_v1:black_argillite":1,"farmersdelight:wild_onions":1,"minecraft:redstone_ore":11,"minecraft:furnace":3,"minecraft:iron_ore":160,"gamma_beasts:prehnite_ore":43,"treechop:chopped_log":25,"minecraft:deepslate_lapis_ore":32,"create:asurine":30,"minecraft:deepslate_iron_ore":152,"scalinghealth:deepslate_power_crystal_ore":18,"minecraft:stone":372,"create:veridium":64,"farmersdelight:wild_potatoes":1,"minecraft:podzol":1,"minecraft:deepslate_redstone_ore":75,"jeg:scrap_ore":73,"minecraft:amethyst_cluster":13,"minecraft:torch":24,"minecraft:crafting_table":4,"born_in_chaos_v1:infected_deepslate_diamond_ore":2,"minecraft:note_block":1,"minecraft:calcite":14,"create:scoria":3,"minecraft:chest":1,"minecraft:copper_ore":49,"minecraft:cobblestone":18,"minecraft:deepslate_gold_ore":64,"minecraft:lapis_ore":16,"minecraft:amethyst_block":11,"minecraft:wall_torch":22,"supplementaries:urn":42,"gamma_beasts:deepslate_prehnite_ore":22,"jeg:deepslate_scrap_ore":100,"rpgsmw:mineral_ore":6,"minecraft:sweet_berry_bush":2,"minecraft:grass":8,"minecraft:coal_ore":412,"minecraft:oak_log":10,"minecraft:sand":78,"minecraft:cobweb":195,"minecraft:smooth_basalt":28,"minecraft:gold_ore":13,"minecraft:deepslate":87,"minecraft:infested_stone":1},"minecraft:dropped":{"born_in_chaos_v1:wood_splitter_axe":1,"minecraft:stripped_mangrove_wood":1,"minecraft:cooked_beef":10,"minecraft:oak_log":64,"minecraft:crossbow":1,"minecraft:cobblestone":64,"minecraft:deepslate_tile_wall":1,"jeg:scrap":26,"minecraft:coal":47,"scalinghealth:power_crystal":1,"minecraft:torch":11,"skilltree:gem":4,"beachparty:rubber_ring_pelican":1,"minecraft:sweet_berries":4,"alexsmobs:maggot":1,"minecraft:bowl":3,"minecraft:oak_planks":3,"minecraft:white_bed":1,"sophisticatedbackpacks:diamond_backpack":1,"minecraft:shield":1,"minecraft:cake":1,"minecraft:arrow":1},"minecraft:used":{"rpgsmw:iron_scythe":201,"minecraft:chest":12,"minecraft:shield":3,"born_in_chaos_v1:black_argillite":1,"minecraft:iron_sword":248,"minecraft:bell":1,"minecraft:cooked_chicken":6,"minecraft:torch":573,"minecraft:dirt":4,"scalinghealth:heart_crystal":10,"gamma_beasts:prehnite_pickaxe":338,"minecraft:wooden_axe":61,"rpgsmw:steel_sword":429,"supplementaries:present":1,"scalinghealth:power_crystal":1,"supplementaries:present_magenta":1,"minecraft:furnace":9,"minecraft:cooked_beef":8,"rpgsmw:steel_pickaxe":707,"minecraft:cooked_mutton":13,"minecraft:amethyst_block":9,"minecraft:stone_pickaxe":84,"minecraft:wooden_pickaxe":42,"minecraft:sand":1,"supplementaries:bomb":1,"minecraft:crafting_table":6,"minecraft:blast_furnace":7,"minecraft:cake":4,"minecraft:white_bed":5,"minecraft:note_block":1,"gamma_beasts:prehnite_shovel":79,"minecraft:iron_pickaxe":1001,"rpgsmw:miphril_scythe":9,"minecraft:wooden_sword":59,"minecraft:cobblestone":145,"minecraft:cooked_porkchop":6,"born_in_chaos_v1:wood_splitter_axe":6,"minecraft:bone_meal":7,"minecraft:cobweb":8}},"DataVersion":3465}