{"stats":{"minecraft:crafted":{"minecraft:oak_planks":356,"minecraft:cooked_chicken":5,"minecraft:cooked_mutton":15,"sophisticatedbackpacks:copper_backpack":1,"minecraft:chest":4,"minecraft:oak_fence":75,"scalinghealth:power_crystal":1,"sophisticatedbackpacks:backpack":1,"rpgsmw:amethysted_fabric":12,"minecraft:cooked_porkchop":42,"minecraft:crafting_table":2,"minecraft:wooden_pickaxe":1,"rpgsmw:miphrilignot":9,"minecraft:copper_ingot":128,"rpgsmw:amethyst_dust":72,"minecraft:charcoal":1,"sophisticatedbackpacks:diamond_backpack":1,"minecraft:stick":400,"minecraft:iron_ingot":94,"minecraft:iron_pickaxe":5,"minecraft:gold_ingot":5,"rpgsmw:pink_fabric":6,"rpgsmw:zrikons_hears":1,"minecraft:furnace":4,"minecraft:pink_dye":6,"minecraft:diamond":2,"rpgsmw:mortar_and_pestle":4,"minecraft:stone_pickaxe":1,"minecraft:dark_oak_planks":4,"minecraft:wheat":36,"rpgsmw:fabric":29,"minecraft:cooked_beef":11,"minecraft:red_dye":8,"supplementaries:present":1,"rpgsmw:steel":10,"minecraft:iron_sword":1,"scalinghealth:heart_crystal":3,"minecraft:mangrove_planks":4,"minecraft:air":0,"rpgsmw:rainforcedstick":5,"minecraft:jungle_planks":16,"minecraft:white_wool":6,"minecraft:white_dye":3,"minecraft:wooden_axe":1,"minecraft:white_bed":2,"minecraft:acacia_planks":8,"minecraft:torch":744},"minecraft:broken":{"minecraft:wooden_sword":1,"minecraft:iron_sword":1,"minecraft:wooden_axe":1,"rpgsmw:steel_pickaxe":1,"rpgsmw:steel_sword":1,"gamma_beasts:prehnite_shovel":1,"rpgsmw:iron_scythe":1,"gamma_beasts:prehnite_pickaxe":1,"minecraft:iron_pickaxe":6},"minecraft:custom":{"minecraft:animals_bred":8,"minecraft:interact_with_crafting_table":75,"minecraft:open_barrel":41,"minecraft:eat_cake_slice":18,"minecraft:leave_game":2,"minecraft:time_since_death":0,"minecraft:sprint_one_cm":879107,"minecraft:damage_blocked_by_shield":62,"minecraft:drop":25,"minecraft:play_noteblock":1,"minecraft:play_time":612567,"minecraft:deaths":18,"minecraft:jump":9599,"minecraft:walk_on_water_one_cm":101775,"minecraft:interact_with_furnace":87,"minecraft:sleep_in_bed":12,"minecraft:damage_dealt":82976,"minecraft:crouch_one_cm":20936,"minecraft:interact_with_smoker":15,"minecraft:interact_with_anvil":2,"minecraft:mob_kills":419,"minecraft:damage_dealt_resisted":6561,"minecraft:climb_one_cm":66348,"minecraft:walk_one_cm":1120223,"minecraft:sneak_time":15032,"minecraft:walk_under_water_one_cm":50903,"minecraft:interact_with_blast_furnace":100,"minecraft:total_world_time":612567,"minecraft:time_since_rest":2600,"minecraft:damage_taken":16541,"minecraft:swim_one_cm":58986,"minecraft:fly_one_cm":811308,"minecraft:open_chest":479,"minecraft:fall_one_cm":175180},"minecraft:killed":{"born_in_chaos_v1:zombie_clown":3,"minecraft:cave_spider":18,"minecraft:witch":1,"born_in_chaos_v1:restless_spirit":7,"born_in_chaos_v1:zombie_lumberjack":5,"born_in_chaos_v1:skeleton_demoman":3,"minecraft:spider":24,"born_in_chaos_v1:baby_skeleton_minion":8,"born_in_chaos_v1:scarlet_persecutor":4,"minecraft:skeleton":40,"minecraft:chicken":11,"born_in_chaos_v1:skeleton_thrasher":1,"minecraft:silverfish":6,"jeg:ghoul":3,"born_in_chaos_v1:bonescaller":4,"born_in_chaos_v1:diamond_termite":38,"minecraft:zombie_villager":4,"minecraft:creeper":10,"minecraft:sheep":12,"minecraft:zombie":60,"born_in_chaos_v1:dread_hound":11,"born_in_chaos_v1:corpse_fly":23,"minecraft:stray":1,"alexsmobs:fly":1,"minecraft:glow_squid":2,"born_in_chaos_v1:door_knight":1,"minecraft:cow":2,"minecraft:vex":1,"born_in_chaos_v1:zombie_clown_not_despawn":1,"alexsmobs:raccoon":2,"alexsmobs:seagull":1,"born_in_chaos_v1:zombie_bruiser":2,"born_in_chaos_v1:maggot":46,"minecraft:horse":5,"alexsmobs:bison":1,"alexsmobs:underminer":1,"born_in_chaos_v1:spiritof_chaos":1,"born_in_chaos_v1:baby_skeleton":6,"born_in_chaos_v1:swarmer":3,"minecraft:bat":3,"born_in_chaos_v1:decrepit_skeleton":16,"born_in_chaos_v1:bloody_gadfly":2,"alexsmobs:crocodile":1,"alexsmobs:cockroach":3,"born_in_chaos_v1:dark_vortex":1,"born_in_chaos_v1:nightmare_stalker":1,"minecraft:enderman":1},"minecraft:picked_up":{"minecraft:flower_pot":4,"minecraft:potion":3,"born_in_chaos_v1:bloody_gadfly_eye":1,"minecraft:brewing_stand":2,"minecraft:amethyst_block":9,"born_in_chaos_v1:black_argillite":1,"minecraft:string":269,"minecraft:waxed_cut_copper_slab":1,"minecraft:raw_copper":227,"minecraft:red_nether_bricks":6,"minecraft:gold_nugget":81,"minecraft:cobbled_deepslate":104,"minecraft:spruce_planks":2,"rpgsmw:rawmiphrilignot":10,"minecraft:calcite":14,"minecraft:iron_pickaxe":2,"alexsmobs:raccoon_tail":1,"minecraft:deepslate_tile_wall":2,"born_in_chaos_v1:stimulating_decoction":6,"minecraft:mangrove_log":1,"minecraft:iron_boots":3,"minecraft:furnace":5,"minecraft:stick":58,"born_in_chaos_v1:shattered_skull":2,"minecraft:composter":3,"minecraft:oak_fence":7,"born_in_chaos_v1:phantom_powder":1,"minecraft:torch":271,"minecraft:acacia_log":2,"minecraft:spruce_stairs":1,"born_in_chaos_v1:pileof_dark_metal":1,"minecraft:cherry_log":2,"minecraft:diorite":10,"born_in_chaos_v1:nightmare_claw":1,"minecraft:stone_sword":2,"minecraft:rotten_flesh":132,"create:scoria":3,"farmersdelight:onion":1,"supplementaries:antique_ink":7,"create:asurine":30,"create:veridium":64,"gamma_beasts:coal_nugget":195,"born_in_chaos_v1:cultivated_pumpkin":3,"supplementaries:ash":171,"minecraft:snowball":7,"minecraft:cobblestone":737,"minecraft:birch_log":55,"candlelight:lettuce":1,"minecraft:cooked_beef":32,"rpgsmw:steel":1,"minecraft:feather":54,"born_in_chaos_v1:spiritual_dust":4,"minecraft:jungle_log":6,"minecraft:andesite":1,"minecraft:potato":1,"gamma_beasts:prehnite":119,"alexsmobs:bison_fur":2,"minecraft:tuff":9,"create:raw_zinc":191,"supplementaries:flax_seeds":10,"jeg:scrap":389,"skilltree:gem":265,"minecraft:lapis_lazuli":287,"minecraft:dirt":355,"born_in_chaos_v1:monster_skin":6,"minecraft:leather_boots":2,"minecraft:bone":141,"minecraft:bow":3,"minecraft:wheat_seeds":18,"minecraft:raw_gold":89,"minecraft:oak_planks":164,"minecraft:sand":108,"minecraft:dark_oak_log":1,"alexsmobs:animal_dictionary":3,"rpgsmw:class_choose_orb":2,"beachparty:rubber_ring_pelican":1,"minecraft:diamond":39,"minecraft:crossbow":2,"minecraft:bread":23,"minecraft:emerald":27,"alexsmobs:maggot":2,"minecraft:oak_sapling":52,"supplementaries:present":1,"minecraft:oak_leaves":138,"minecraft:charcoal":1,"born_in_chaos_v1:diamond_termite_shard":38,"minecraft:crafting_table":6,"minecraft:allium":2,"minecraft:ladder":1,"minecraft:chicken":16,"born_in_chaos_v1:seedof_chaos":7,"minecraft:chain":2,"minecraft:shield":3,"minecraft:iron_axe":1,"minecraft:wooden_sword":2,"born_in_chaos_v1:intoxicating_decoction":2,"supplementaries:bomb":5,"minecraft:beef":11,"born_in_chaos_v1:gnawed_bones":5,"minecraft:iron_nugget":29,"minecraft:poppy":9,"minecraft:chest":2,"minecraft:birch_sapling":21,"minecraft:egg":3,"minecraft:raw_iron":472,"minecraft:stripped_mangrove_wood":1,"meds_and_herbs:bark_oak":16,"minecraft:copper_ingot":128,"minecraft:bowl":6,"sophisticatedbackpacks:backpack":1,"minecraft:note_block":4,"minecraft:cake":3,"minecraft:redstone":389,"born_in_chaos_v1:pieceofdarkmetal":20,"minecraft:carrot":8,"jeg:healing_talisman":3,"minecraft:arrow":48,"born_in_chaos_v1:wood_splitter_axe":2,"rpgsmw:pinarium":9,"minecraft:hay_block":5,"minecraft:mutton":36,"minecraft:rail":4,"minecraft:skeleton_skull":1,"minecraft:white_wool":19,"minecraft:stripped_oak_log":1,"born_in_chaos_v1:corpse_maggot":58,"minecraft:birch_leaves":12,"minecraft:glow_ink_sac":5,"born_in_chaos_v1:monster_flesh":7,"minecraft:tripwire_hook":2,"minecraft:leather":33,"minecraft:oak_log":297,"scalinghealth:bandages":8,"minecraft:gunpowder":18,"scalinghealth:heart_crystal":19,"minecraft:cooked_mutton":14,"minecraft:apple":8,"alexsmobs:cockroach_wing_fragment":2,"minecraft:iron_ingot":56,"minecraft:stone_pickaxe":4,"minecraft:cooked_chicken":4,"candlelight:tomato":1,"scalinghealth:power_crystal_shard":24,"minecraft:glass_bottle":1,"minecraft:iron_sword":2,"minecraft:flowering_azalea":2,"jeg:tech_trash":34,"sophisticatedbackpacks:diamond_backpack":1,"minecraft:book":6,"scalinghealth:heart_crystal_shard":41,"minecraft:smooth_basalt":25,"minecraft:sweet_berries":4,"born_in_chaos_v1:ethereal_spirit":12,"minecraft:dandelion":1,"born_in_chaos_v1:dark_rod":2,"minecraft:amethyst_shard":39,"minecraft:blast_furnace":6,"minecraft:white_bed":4,"minecraft:spruce_log":2,"minecraft:spider_eye":15,"minecraft:slime_ball":1,"jeg:ectoplasm":3,"born_in_chaos_v1:pile_of_skulls":1,"minecraft:stone_axe":2,"hauntedharvest:rotten_apple":1,"minecraft:black_wool":2,"minecraft:coal":865},"minecraft:mined":{"minecraft:large_amethyst_bud":4,"create:deepslate_zinc_ore":98,"born_in_chaos_v1:cultivated_pumpkin":3,"minecraft:brewing_stand":2,"born_in_chaos_v1:dark_metal_deposit":12,"minecraft:grass_block":280,"supplementaries:present":1,"minecraft:composter":3,"born_in_chaos_v1:pile_of_skulls":1,"minecraft:iron_ore":265,"minecraft:deepslate_lapis_ore":34,"create:asurine":30,"scalinghealth:deepslate_power_crystal_ore":19,"create:veridium":64,"farmersdelight:wild_potatoes":1,"minecraft:deepslate_redstone_ore":76,"minecraft:amethyst_cluster":13,"born_in_chaos_v1:infected_deepslate_diamond_ore":3,"minecraft:torch":26,"minecraft:note_block":1,"minecraft:calcite":14,"minecraft:poppy":9,"minecraft:chest":1,"create:scoria":3,"minecraft:cobblestone":40,"minecraft:dead_tube_coral_fan":1,"minecraft:wall_torch":25,"minecraft:amethyst_block":11,"minecraft:chain":2,"minecraft:birch_log":48,"minecraft:grass":38,"minecraft:oak_log":36,"minecraft:sand":78,"minecraft:dirt":22,"minecraft:smooth_basalt":28,"minecraft:oak_leaves":223,"minecraft:deepslate":97,"minecraft:infested_deepslate":2,"create:zinc_ore":79,"minecraft:tuff":5,"scalinghealth:power_crystal_ore":1,"minecraft:deepslate_diamond_ore":13,"farmersdelight:wild_carrots":4,"born_in_chaos_v1:infected_diamond_ore":18,"minecraft:glow_lichen":2,"born_in_chaos_v1:black_argillite":1,"born_in_chaos_v1:gnawed_bones":1,"minecraft:hay_block":5,"farmersdelight:wild_onions":1,"minecraft:redstone_ore":11,"minecraft:furnace":3,"gamma_beasts:prehnite_ore":76,"minecraft:andesite":1,"treechop:chopped_log":43,"minecraft:deepslate_iron_ore":206,"minecraft:stone":566,"minecraft:podzol":1,"jeg:scrap_ore":73,"minecraft:dandelion":1,"minecraft:oak_fence":7,"minecraft:crafting_table":5,"minecraft:emerald_ore":1,"candlelight:wild_tomatoes":1,"minecraft:tall_grass":2,"minecraft:copper_ore":49,"minecraft:deepslate_coal_ore":2,"minecraft:lapis_ore":16,"minecraft:deepslate_gold_ore":73,"supplementaries:urn":80,"jeg:deepslate_scrap_ore":101,"gamma_beasts:deepslate_prehnite_ore":46,"rpgsmw:mineral_ore":9,"minecraft:sweet_berry_bush":2,"minecraft:birch_leaves":18,"minecraft:coal_ore":622,"minecraft:cobweb":228,"minecraft:gold_ore":21,"minecraft:infested_stone":1},"minecraft:dropped":{"minecraft:stripped_mangrove_wood":1,"minecraft:cooked_beef":10,"minecraft:oak_log":64,"minecraft:crossbow":1,"minecraft:deepslate_tile_wall":1,"jeg:scrap":26,"beachparty:rubber_ring_pelican":1,"minecraft:oak_planks":3,"minecraft:white_bed":1,"sophisticatedbackpacks:diamond_backpack":1,"minecraft:arrow":1,"born_in_chaos_v1:wood_splitter_axe":1,"minecraft:cobblestone":64,"minecraft:coal":47,"scalinghealth:power_crystal":1,"minecraft:torch":11,"skilltree:gem":4,"rpgsmw:zrikons_hears":1,"alexsmobs:maggot":1,"minecraft:sweet_berries":4,"minecraft:bowl":3,"minecraft:shield":1,"minecraft:cake":1},"minecraft:used":{"minecraft:chest":12,"minecraft:shield":3,"minecraft:iron_sword":248,"minecraft:bell":1,"gamma_beasts:prehnite_pickaxe":338,"born_in_chaos_v1:smoked_flesh":2,"rpgsmw:steel_sword":471,"supplementaries:present_magenta":1,"minecraft:furnace":9,"rpgsmw:steel_pickaxe":707,"minecraft:stone_pickaxe":84,"minecraft:wooden_pickaxe":42,"minecraft:sand":1,"minecraft:blast_furnace":7,"minecraft:crossbow":29,"minecraft:note_block":1,"minecraft:shears":181,"minecraft:wooden_sword":59,"minecraft:bone_meal":7,"minecraft:cobweb":8,"minecraft:oak_fence":75,"rpgsmw:iron_scythe":201,"born_in_chaos_v1:black_argillite":1,"minecraft:cooked_chicken":6,"minecraft:torch":883,"minecraft:dirt":299,"scalinghealth:heart_crystal":22,"minecraft:wooden_axe":61,"supplementaries:present":1,"scalinghealth:power_crystal":2,"minecraft:cooked_beef":8,"minecraft:cooked_mutton":13,"minecraft:amethyst_block":9,"minecraft:crafting_table":7,"supplementaries:bomb":1,"minecraft:white_bed":5,"minecraft:cake":4,"gamma_beasts:prehnite_shovel":351,"minecraft:iron_pickaxe":1730,"rpgsmw:miphril_scythe":795,"minecraft:cobblestone":194,"minecraft:cooked_porkchop":33,"born_in_chaos_v1:wood_splitter_axe":188}},"DataVersion":3465}