{"stats":{"minecraft:crafted":{"minecraft:oak_planks":396,"minecraft:cooked_chicken":9,"minecraft:cooked_mutton":15,"sophisticatedbackpacks:copper_backpack":3,"minecraft:chest":6,"minecraft:copper_block":16,"minecraft:oak_fence":75,"scalinghealth:power_crystal":1,"sophisticatedbackpacks:backpack":3,"rpgsmw:amethysted_fabric":18,"minecraft:cooked_porkchop":42,"minecraft:crafting_table":2,"minecraft:wooden_pickaxe":1,"sophisticatedbackpacks:advanced_feeding_upgrade":2,"rpgsmw:miphrilignot":10,"minecraft:copper_ingot":192,"sophisticatedbackpacks:feeding_upgrade":2,"minecraft:birch_planks":96,"rpgsmw:amethyst_dust":144,"sophisticatedbackpacks:upgrade_base":18,"minecraft:charcoal":1,"sophisticatedbackpacks:diamond_backpack":2,"minecraft:stick":400,"minecraft:iron_pickaxe":5,"minecraft:iron_ingot":166,"minecraft:gold_ingot":5,"minecraft:golden_carrot":2,"rpgsmw:pink_fabric":6,"rpgsmw:zrikons_hears":1,"rpgsmw:amethyst_mage_armor_helmet":1,"minecraft:furnace":4,"sophisticatedbackpacks:stack_upgrade_starter_tier":1,"minecraft:pink_dye":6,"rpgsmw:iron_mage_ring":1,"minecraft:diamond":3,"rpgsmw:mortar_and_pestle":8,"minecraft:stone_pickaxe":1,"minecraft:dark_oak_planks":4,"sophisticatedbackpacks:iron_backpack":2,"minecraft:wheat":36,"rpgsmw:fabric":35,"minecraft:cooked_beef":11,"minecraft:red_dye":8,"supplementaries:present":1,"rpgsmw:steel":10,"minecraft:iron_sword":1,"minecraft:bowl":16,"sophisticatedbackpacks:gold_backpack":2,"scalinghealth:heart_crystal":3,"minecraft:mangrove_planks":4,"minecraft:jungle_planks":16,"minecraft:air":0,"rpgsmw:rainforcedstick":5,"sophisticatedbackpacks:advanced_filter_upgrade":2,"minecraft:white_wool":9,"minecraft:white_dye":3,"minecraft:wooden_axe":1,"minecraft:white_bed":2,"minecraft:acacia_planks":8,"minecraft:torch":744},"minecraft:broken":{"rpgsmw:amethyst_mage_armor_helmet":1,"minecraft:wooden_sword":1,"minecraft:iron_sword":1,"minecraft:wooden_axe":1,"rpgsmw:steel_pickaxe":1,"rpgsmw:steel_sword":1,"gamma_beasts:prehnite_shovel":1,"rpgsmw:iron_scythe":1,"gamma_beasts:prehnite_pickaxe":1,"minecraft:iron_pickaxe":6},"minecraft:custom":{"minecraft:animals_bred":14,"minecraft:interact_with_crafting_table":99,"minecraft:open_barrel":60,"minecraft:eat_cake_slice":18,"minecraft:leave_game":2,"minecraft:time_since_death":5242,"minecraft:sprint_one_cm":961548,"minecraft:damage_blocked_by_shield":62,"minecraft:drop":33,"minecraft:play_noteblock":1,"minecraft:play_time":713669,"minecraft:deaths":19,"minecraft:jump":10413,"minecraft:walk_on_water_one_cm":132888,"minecraft:enchant_item":1,"minecraft:interact_with_furnace":87,"minecraft:sleep_in_bed":12,"minecraft:damage_dealt":110202,"minecraft:crouch_one_cm":21971,"minecraft:interact_with_smoker":23,"minecraft:interact_with_smithing_table":13,"minecraft:interact_with_anvil":9,"minecraft:mob_kills":493,"minecraft:damage_dealt_resisted":8431,"minecraft:climb_one_cm":102566,"minecraft:walk_one_cm":1283406,"minecraft:sneak_time":16081,"minecraft:walk_under_water_one_cm":71683,"minecraft:interact_with_blast_furnace":157,"minecraft:total_world_time":713669,"minecraft:time_since_rest":5270,"minecraft:damage_taken":21271,"minecraft:swim_one_cm":261746,"minecraft:fly_one_cm":923451,"minecraft:open_chest":633,"minecraft:fall_one_cm":200337},"minecraft:killed":{"born_in_chaos_v1:zombie_clown":3,"minecraft:cave_spider":18,"minecraft:witch":1,"born_in_chaos_v1:zombie_lumberjack":6,"born_in_chaos_v1:restless_spirit":7,"born_in_chaos_v1:skeleton_demoman":3,"minecraft:spider":24,"born_in_chaos_v1:baby_skeleton_minion":14,"born_in_chaos_v1:scarlet_persecutor":4,"alexsmobs:alligator_snapping_turtle":1,"minecraft:skeleton":49,"minecraft:chicken":11,"born_in_chaos_v1:skeleton_thrasher":1,"minecraft:silverfish":6,"alexsmobs:skelewag":1,"born_in_chaos_v1:supreme_bonescaller_stage_2":1,"jeg:ghoul":3,"born_in_chaos_v1:bonescaller":4,"minecraft:zombie_villager":4,"born_in_chaos_v1:diamond_termite":38,"gamma_beasts:careyatros_a":2,"minecraft:creeper":10,"minecraft:sheep":12,"minecraft:zombie":72,"born_in_chaos_v1:dread_hound":11,"born_in_chaos_v1:corpse_fly":23,"minecraft:stray":7,"alexsmobs:fly":1,"minecraft:glow_squid":2,"born_in_chaos_v1:door_knight":1,"minecraft:cow":2,"minecraft:vex":1,"alexsmobs:raccoon":2,"born_in_chaos_v1:zombie_clown_not_despawn":1,"alexsmobs:seagull":1,"born_in_chaos_v1:zombie_bruiser":3,"born_in_chaos_v1:maggot":48,"minecraft:horse":5,"alexsmobs:underminer":1,"alexsmobs:bison":1,"born_in_chaos_v1:spiritof_chaos":1,"minecraft:husk":8,"born_in_chaos_v1:bone_imp_minion":12,"born_in_chaos_v1:baby_skeleton":6,"born_in_chaos_v1:swarmer":3,"minecraft:bat":3,"minecraft:hoglin":1,"born_in_chaos_v1:decrepit_skeleton":16,"born_in_chaos_v1:bloody_gadfly":2,"gamma_beasts:careyatros_c":2,"alexsmobs:cockroach":3,"alexsmobs:crocodile":3,"born_in_chaos_v1:bonescaller_not_despawn":2,"born_in_chaos_v1:dark_vortex":1,"born_in_chaos_v1:nightmare_stalker":2,"minecraft:wither_skeleton":2,"minecraft:enderman":2},"minecraft:picked_up":{"minecraft:flower_pot":4,"gamma_beasts:fur":6,"minecraft:potion":5,"born_in_chaos_v1:bloody_gadfly_eye":1,"minecraft:brewing_stand":2,"minecraft:amethyst_block":9,"born_in_chaos_v1:black_argillite":1,"minecraft:string":271,"minecraft:waxed_cut_copper_slab":1,"minecraft:raw_copper":227,"minecraft:red_nether_bricks":6,"minecraft:gold_nugget":81,"minecraft:cobbled_deepslate":104,"minecraft:spruce_planks":2,"rpgsmw:rawmiphrilignot":10,"minecraft:calcite":17,"minecraft:azalea":23,"minecraft:iron_pickaxe":3,"alexsmobs:raccoon_tail":1,"minecraft:deepslate_tile_wall":2,"born_in_chaos_v1:stimulating_decoction":6,"minecraft:mangrove_log":1,"minecraft:iron_boots":3,"minecraft:furnace":5,"minecraft:tipped_arrow":2,"minecraft:stick":68,"born_in_chaos_v1:shattered_skull":2,"minecraft:composter":3,"minecraft:oak_fence":7,"born_in_chaos_v1:phantom_powder":1,"minecraft:torch":285,"minecraft:acacia_log":2,"minecraft:spruce_stairs":1,"born_in_chaos_v1:pileof_dark_metal":1,"minecraft:cherry_log":2,"minecraft:diorite":10,"born_in_chaos_v1:nightmare_claw":2,"minecraft:stone_sword":2,"minecraft:rotten_flesh":158,"create:scoria":3,"farmersdelight:onion":1,"supplementaries:antique_ink":7,"create:asurine":30,"create:veridium":64,"gamma_beasts:coal_nugget":205,"born_in_chaos_v1:cultivated_pumpkin":3,"supplementaries:ash":171,"minecraft:snowball":7,"minecraft:cobblestone":742,"minecraft:birch_log":55,"supplementaries:notice_board":1,"candlelight:lettuce":1,"rpgsmw:steel":1,"minecraft:feather":54,"minecraft:cooked_beef":32,"born_in_chaos_v1:spiritual_dust":9,"minecraft:andesite":1,"minecraft:jungle_log":6,"gamma_beasts:prehnite":119,"minecraft:potato":1,"alexsmobs:bison_fur":2,"minecraft:tuff":9,"create:raw_zinc":191,"supplementaries:flax_seeds":12,"jeg:scrap":389,"skilltree:gem":267,"minecraft:lapis_lazuli":287,"minecraft:dirt":356,"born_in_chaos_v1:monster_skin":6,"minecraft:leather_boots":2,"minecraft:bone":161,"minecraft:bow":3,"minecraft:wheat_seeds":18,"minecraft:raw_gold":89,"minecraft:oak_planks":164,"minecraft:cooked_porkchop":42,"minecraft:sand":108,"minecraft:dark_oak_log":5,"alexsmobs:animal_dictionary":3,"rpgsmw:class_choose_orb":2,"beachparty:rubber_ring_pelican":1,"minecraft:diamond":43,"minecraft:crossbow":2,"minecraft:golden_apple":3,"minecraft:bread":23,"minecraft:emerald":27,"minecraft:rooted_dirt":1,"alexsmobs:maggot":2,"minecraft:oak_sapling":52,"supplementaries:present":1,"minecraft:oak_leaves":138,"minecraft:charcoal":1,"born_in_chaos_v1:diamond_termite_shard":38,"minecraft:crafting_table":6,"minecraft:allium":2,"minecraft:chicken":16,"minecraft:ladder":1,"born_in_chaos_v1:seedof_chaos":10,"minecraft:chain":5,"minecraft:shield":3,"minecraft:iron_axe":1,"minecraft:wooden_sword":2,"born_in_chaos_v1:intoxicating_decoction":2,"minecraft:cyan_carpet":1,"supplementaries:bomb":5,"minecraft:beef":11,"born_in_chaos_v1:gnawed_bones":5,"minecraft:iron_nugget":29,"minecraft:poppy":9,"minecraft:chest":2,"minecraft:birch_sapling":21,"minecraft:egg":3,"minecraft:dark_oak_sapling":5,"minecraft:raw_iron":472,"minecraft:stripped_mangrove_wood":1,"meds_and_herbs:bark_oak":16,"minecraft:copper_ingot":128,"minecraft:bowl":6,"sophisticatedbackpacks:backpack":1,"minecraft:note_block":4,"minecraft:cake":3,"born_in_chaos_v1:pieceofdarkmetal":23,"minecraft:carrot":8,"minecraft:redstone":389,"minecraft:weeping_vines":7,"jeg:healing_talisman":3,"minecraft:arrow":61,"born_in_chaos_v1:wood_splitter_axe":2,"rpgsmw:pinarium":9,"minecraft:hay_block":5,"minecraft:mutton":36,"minecraft:rail":4,"minecraft:skeleton_skull":1,"minecraft:white_wool":19,"minecraft:stripped_oak_log":1,"born_in_chaos_v1:corpse_maggot":59,"minecraft:birch_leaves":12,"born_in_chaos_v1:monster_flesh":7,"minecraft:glow_ink_sac":5,"minecraft:tripwire_hook":3,"minecraft:leather":82,"minecraft:oak_log":344,"scalinghealth:bandages":8,"minecraft:gunpowder":18,"scalinghealth:heart_crystal":23,"minecraft:cooked_mutton":14,"minecraft:apple":10,"minecraft:kelp":5,"gamma_beasts:meat":3,"alexsmobs:cockroach_wing_fragment":2,"minecraft:cobweb":9,"minecraft:iron_ingot":56,"minecraft:stone_pickaxe":4,"minecraft:cooked_chicken":4,"candlelight:tomato":1,"scalinghealth:power_crystal_shard":24,"minecraft:glass_bottle":1,"minecraft:iron_sword":2,"minecraft:flowering_azalea":2,"jeg:tech_trash":34,"sophisticatedbackpacks:diamond_backpack":1,"minecraft:book":6,"scalinghealth:heart_crystal_shard":49,"minecraft:smooth_basalt":25,"minecraft:sweet_berries":4,"born_in_chaos_v1:orbofthe_summoner":1,"born_in_chaos_v1:ethereal_spirit":12,"minecraft:dandelion":1,"born_in_chaos_v1:dark_rod":2,"minecraft:amethyst_shard":63,"minecraft:blast_furnace":6,"minecraft:white_bed":4,"minecraft:spruce_log":2,"minecraft:spider_eye":15,"minecraft:slime_ball":1,"jeg:ectoplasm":3,"born_in_chaos_v1:pile_of_skulls":1,"minecraft:stone_axe":2,"hauntedharvest:rotten_apple":1,"minecraft:painting":2,"minecraft:black_wool":2,"minecraft:coal":886,"minecraft:ender_pearl":3},"minecraft:mined":{"minecraft:large_amethyst_bud":7,"create:deepslate_zinc_ore":98,"born_in_chaos_v1:cultivated_pumpkin":3,"minecraft:brewing_stand":2,"minecraft:grass_block":280,"born_in_chaos_v1:dark_metal_deposit":12,"supplementaries:present":1,"minecraft:composter":3,"minecraft:spawner":4,"born_in_chaos_v1:pile_of_skulls":1,"minecraft:weeping_vines_plant":4,"minecraft:iron_ore":265,"minecraft:deepslate_lapis_ore":34,"create:asurine":30,"scalinghealth:deepslate_power_crystal_ore":19,"minecraft:azalea_leaves":7,"create:veridium":64,"farmersdelight:wild_potatoes":1,"minecraft:deepslate_redstone_ore":76,"minecraft:medium_amethyst_bud":1,"minecraft:amethyst_cluster":19,"born_in_chaos_v1:infected_deepslate_diamond_ore":3,"minecraft:torch":29,"minecraft:note_block":1,"minecraft:calcite":17,"minecraft:poppy":9,"minecraft:chest":1,"create:scoria":3,"supplementaries:wild_flax":2,"minecraft:cobblestone":40,"minecraft:dead_tube_coral_fan":1,"minecraft:wall_torch":36,"minecraft:amethyst_block":11,"minecraft:chain":5,"minecraft:birch_log":48,"minecraft:grass":38,"minecraft:oak_log":80,"minecraft:sand":78,"minecraft:dirt":22,"minecraft:smooth_basalt":28,"minecraft:tripwire_hook":1,"minecraft:oak_leaves":223,"minecraft:deepslate":97,"minecraft:infested_deepslate":2,"create:zinc_ore":79,"minecraft:tuff":5,"scalinghealth:power_crystal_ore":1,"minecraft:dark_oak_leaves":7,"minecraft:deepslate_diamond_ore":13,"farmersdelight:wild_carrots":4,"minecraft:dark_oak_log":4,"born_in_chaos_v1:infected_diamond_ore":18,"minecraft:glow_lichen":2,"born_in_chaos_v1:black_argillite":1,"minecraft:weeping_vines":2,"supplementaries:notice_board":1,"born_in_chaos_v1:gnawed_bones":1,"minecraft:hay_block":5,"farmersdelight:wild_onions":1,"minecraft:redstone_ore":11,"minecraft:furnace":3,"gamma_beasts:prehnite_ore":76,"minecraft:andesite":1,"treechop:chopped_log":43,"minecraft:deepslate_iron_ore":206,"minecraft:stone":572,"minecraft:podzol":1,"jeg:scrap_ore":73,"minecraft:dandelion":1,"minecraft:oak_fence":7,"minecraft:crafting_table":5,"minecraft:emerald_ore":1,"candlelight:wild_tomatoes":1,"minecraft:copper_ore":49,"minecraft:tall_grass":2,"minecraft:deepslate_coal_ore":3,"minecraft:deepslate_gold_ore":73,"minecraft:lapis_ore":16,"supplementaries:urn":80,"jeg:deepslate_scrap_ore":101,"gamma_beasts:deepslate_prehnite_ore":46,"rpgsmw:mineral_ore":9,"minecraft:sweet_berry_bush":2,"minecraft:birch_leaves":18,"minecraft:coal_ore":643,"minecraft:cyan_carpet":1,"minecraft:flower_pot":1,"minecraft:cobweb":239,"minecraft:gold_ore":21,"minecraft:infested_stone":1},"minecraft:dropped":{"minecraft:stripped_mangrove_wood":1,"minecraft:cooked_beef":10,"minecraft:oak_log":64,"minecraft:crossbow":1,"minecraft:deepslate_tile_wall":1,"jeg:scrap":26,"sophisticatedbackpacks:stack_upgrade_starter_tier":1,"beachparty:rubber_ring_pelican":1,"minecraft:iron_pickaxe":1,"minecraft:oak_planks":3,"minecraft:white_bed":1,"sophisticatedbackpacks:diamond_backpack":1,"minecraft:arrow":1,"born_in_chaos_v1:wood_splitter_axe":1,"minecraft:cobblestone":64,"minecraft:coal":47,"scalinghealth:power_crystal":1,"scalinghealth:heart_crystal":4,"minecraft:torch":11,"skilltree:gem":4,"rpgsmw:zrikons_hears":1,"sophisticatedbackpacks:advanced_filter_upgrade":1,"minecraft:sweet_berries":4,"alexsmobs:maggot":1,"minecraft:bowl":3,"minecraft:shield":1,"sophisticatedbackpacks:advanced_feeding_upgrade":1,"minecraft:cake":1},"minecraft:used":{"minecraft:chest":12,"minecraft:shield":3,"minecraft:iron_sword":248,"minecraft:bell":1,"gamma_beasts:prehnite_pickaxe":338,"born_in_chaos_v1:smoked_flesh":2,"rpgsmw:steel_sword":471,"supplementaries:present_magenta":1,"minecraft:furnace":9,"rpgsmw:steel_pickaxe":707,"minecraft:stone_pickaxe":84,"minecraft:oak_planks":3,"supplementaries:notice_board":2,"minecraft:wooden_pickaxe":42,"minecraft:sand":1,"minecraft:blast_furnace":7,"minecraft:crossbow":29,"minecraft:note_block":1,"minecraft:shears":192,"supplementaries:clock_block":1,"minecraft:wooden_sword":59,"minecraft:smithing_table":1,"minecraft:bone_meal":7,"minecraft:cobweb":8,"minecraft:oak_fence":75,"rpgsmw:iron_scythe":201,"born_in_chaos_v1:black_argillite":1,"minecraft:cooked_chicken":10,"minecraft:torch":915,"minecraft:dirt":299,"scalinghealth:heart_crystal":26,"minecraft:wooden_axe":61,"minecraft:iron_axe":79,"supplementaries:present":1,"scalinghealth:power_crystal":2,"minecraft:cooked_beef":8,"minecraft:calcite":2,"minecraft:cooked_mutton":13,"minecraft:amethyst_block":9,"supplementaries:bomb":1,"minecraft:crafting_table":7,"minecraft:white_bed":5,"minecraft:cake":4,"gamma_beasts:prehnite_shovel":351,"minecraft:iron_pickaxe":1784,"rpgsmw:miphril_scythe":1292,"minecraft:cobblestone":199,"minecraft:cooked_porkchop":56,"born_in_chaos_v1:wood_splitter_axe":188}},"DataVersion":3465}