{"stats":{"minecraft:used":{"minecraft:stone_pickaxe":130,"minecraft:wooden_pickaxe":14,"minecraft:shield":9,"minecraft:torch":28,"minecraft:dirt":1,"scalinghealth:heart_crystal":1,"minecraft:crafting_table":2,"minecraft:campfire":1,"minecraft:iron_pickaxe":54,"minecraft:spruce_sapling":4,"rpgsmw:copper_battle_axe":9,"minecraft:wooden_sword":59,"minecraft:cobblestone":2,"minecraft:furnace":4,"farmersdelight:cooked_mutton_chops":6},"minecraft:picked_up":{"born_in_chaos_v1:corpse_maggot":9,"minecraft:crafting_table":2,"beachparty:rubber_ring_axolotl":1,"born_in_chaos_v1:monster_flesh":1,"gamma_beasts:prehnite":2,"create:raw_zinc":22,"jeg:scrap":42,"scalinghealth:heart_crystal":1,"minecraft:lapis_lazuli":15,"skilltree:gem":8,"minecraft:dirt":9,"minecraft:raw_copper":35,"born_in_chaos_v1:intoxicating_decoction":2,"minecraft:bone":2,"minecraft:wheat_seeds":2,"scalinghealth:power_crystal_shard":9,"born_in_chaos_v1:stimulating_decoction":1,"jeg:tech_trash":5,"minecraft:furnace":2,"minecraft:tipped_arrow":1,"minecraft:stick":5,"minecraft:raw_iron":21,"minecraft:torch":1,"minecraft:spruce_sapling":4,"minecraft:spruce_log":20,"farmersdelight:cooked_mutton_chops":18,"minecraft:rotten_flesh":12,"minecraft:slime_ball":1,"gamma_beasts:coal_nugget":9,"sophisticatedbackpacks:copper_backpack":1,"minecraft:coal":39,"minecraft:cobblestone":79},"minecraft:mined":{"create:zinc_ore":22,"jeg:scrap_ore":22,"minecraft:crafting_table":2,"minecraft:grass_block":1,"minecraft:tall_grass":4,"minecraft:copper_ore":11,"minecraft:spruce_leaves":12,"minecraft:lapis_ore":2,"minecraft:furnace":2,"minecraft:iron_ore":24,"gamma_beasts:prehnite_ore":2,"minecraft:spruce_log":14,"treechop:chopped_log":8,"minecraft:grass":10,"minecraft:mycelium":1,"minecraft:coal_ore":41,"minecraft:stone":70},"minecraft:crafted":{"minecraft:spruce_planks":28,"minecraft:copper_ingot":32,"minecraft:air":0,"minecraft:iron_ingot":3,"minecraft:copper_block":3,"minecraft:torch":44},"minecraft:dropped":{"minecraft:bread":10,"beachparty:rubber_ring_axolotl":1,"born_in_chaos_v1:corpse_maggot":7},"minecraft:killed":{"born_in_chaos_v1:zombie_clown":1,"born_in_chaos_v1:swarmer":1,"minecraft:slime":6,"born_in_chaos_v1:decrepit_skeleton":1,"born_in_chaos_v1:maggot":1,"minecraft:zombie":2,"born_in_chaos_v1:dread_hound":1,"born_in_chaos_v1:corpse_fly":5,"minecraft:stray":1},"minecraft:broken":{"minecraft:stone_pickaxe":1,"minecraft:wooden_sword":1},"minecraft:custom":{"minecraft:interact_with_furnace":22,"minecraft:mob_kills":20,"minecraft:interact_with_crafting_table":13,"minecraft:damage_dealt_resisted":35,"minecraft:leave_game":1,"minecraft:time_since_death":10787,"minecraft:climb_one_cm":3554,"minecraft:time_since_rest":10817,"minecraft:sprint_one_cm":77381,"minecraft:damage_taken":1351,"minecraft:walk_one_cm":130411,"minecraft:damage_blocked_by_shield":341,"minecraft:drop":3,"minecraft:damage_dealt":2899,"minecraft:fly_one_cm":72807,"minecraft:open_chest":1,"minecraft:crouch_one_cm":760,"minecraft:play_time":65405,"minecraft:deaths":4,"minecraft:sneak_time":773,"minecraft:walk_under_water_one_cm":1363,"minecraft:jump":624,"minecraft:walk_on_water_one_cm":2435,"minecraft:total_world_time":65405,"minecraft:fall_one_cm":15464}},"DataVersion":3465}