{"stats":{"minecraft:used":{"minecraft:stone_pickaxe":87,"minecraft:shield":9,"minecraft:wooden_pickaxe":14,"minecraft:spruce_sapling":4,"rpgsmw:copper_battle_axe":3,"minecraft:torch":8,"minecraft:wooden_sword":59,"minecraft:cobblestone":2,"minecraft:dirt":1,"scalinghealth:heart_crystal":1,"minecraft:crafting_table":1,"minecraft:campfire":1,"minecraft:furnace":2,"farmersdelight:cooked_mutton_chops":1},"minecraft:picked_up":{"minecraft:tipped_arrow":1,"born_in_chaos_v1:corpse_maggot":9,"minecraft:stick":5,"beachparty:rubber_ring_axolotl":1,"born_in_chaos_v1:monster_flesh":1,"minecraft:spruce_sapling":4,"jeg:scrap":26,"minecraft:spruce_log":16,"scalinghealth:heart_crystal":1,"farmersdelight:cooked_mutton_chops":18,"minecraft:dirt":1,"minecraft:raw_copper":35,"born_in_chaos_v1:intoxicating_decoction":2,"minecraft:rotten_flesh":12,"minecraft:slime_ball":1,"minecraft:wheat_seeds":2,"gamma_beasts:coal_nugget":3,"scalinghealth:power_crystal_shard":9,"sophisticatedbackpacks:copper_backpack":1,"born_in_chaos_v1:stimulating_decoction":1,"jeg:tech_trash":2,"minecraft:coal":17,"minecraft:cobblestone":59},"minecraft:mined":{"jeg:scrap_ore":12,"minecraft:iron_ore":3,"minecraft:spruce_log":14,"treechop:chopped_log":2,"minecraft:grass":9,"minecraft:grass_block":1,"minecraft:coal_ore":17,"minecraft:copper_ore":11,"minecraft:tall_grass":4,"minecraft:spruce_leaves":12,"minecraft:stone":58},"minecraft:crafted":{"minecraft:spruce_planks":28,"minecraft:iron_ingot":0,"minecraft:copper_block":3,"minecraft:copper_ingot":32,"minecraft:torch":44,"minecraft:air":0},"minecraft:dropped":{"beachparty:rubber_ring_axolotl":1,"minecraft:bread":10,"born_in_chaos_v1:corpse_maggot":7},"minecraft:killed":{"born_in_chaos_v1:zombie_clown":1,"minecraft:zombie":1,"born_in_chaos_v1:dread_hound":1,"born_in_chaos_v1:corpse_fly":5,"born_in_chaos_v1:swarmer":1,"minecraft:stray":1,"minecraft:slime":6},"minecraft:broken":{"minecraft:wooden_sword":1},"minecraft:custom":{"minecraft:time_since_rest":1042,"minecraft:walk_one_cm":96409,"minecraft:interact_with_furnace":19,"minecraft:sprint_one_cm":47199,"minecraft:damage_taken":838,"minecraft:damage_blocked_by_shield":341,"minecraft:mob_kills":16,"minecraft:drop":3,"minecraft:damage_dealt":2462,"minecraft:fly_one_cm":51998,"minecraft:interact_with_crafting_table":11,"minecraft:open_chest":1,"minecraft:crouch_one_cm":538,"minecraft:play_time":53405,"minecraft:deaths":3,"minecraft:sneak_time":486,"minecraft:walk_under_water_one_cm":1363,"minecraft:jump":474,"minecraft:damage_dealt_resisted":35,"minecraft:time_since_death":1018,"minecraft:leave_game":1,"minecraft:walk_on_water_one_cm":1042,"minecraft:climb_one_cm":2091,"minecraft:total_world_time":53405,"minecraft:fall_one_cm":9586}},"DataVersion":3465}