{"stats":{"minecraft:used":{"minecraft:cooked_mutton":1,"minecraft:stone_pickaxe":84,"minecraft:chest":2,"minecraft:wooden_pickaxe":42,"minecraft:shield":3,"minecraft:iron_sword":62,"minecraft:cooked_chicken":1,"minecraft:torch":38,"scalinghealth:heart_crystal":1,"minecraft:crafting_table":2,"minecraft:white_bed":2,"minecraft:wooden_axe":61,"minecraft:iron_pickaxe":198,"minecraft:wooden_sword":59,"minecraft:cobblestone":13,"minecraft:furnace":4,"minecraft:cooked_beef":2},"minecraft:broken":{"minecraft:wooden_sword":1,"minecraft:wooden_axe":1},"minecraft:mined":{"minecraft:podzol":1,"jeg:scrap_ore":12,"farmersdelight:wild_carrots":4,"minecraft:crafting_table":1,"minecraft:torch":2,"minecraft:cobblestone":1,"minecraft:copper_ore":38,"minecraft:wall_torch":1,"supplementaries:urn":1,"minecraft:iron_ore":7,"treechop:chopped_log":25,"minecraft:grass":7,"minecraft:oak_log":10,"minecraft:coal_ore":148,"minecraft:stone":88,"create:zinc_ore":14},"minecraft:custom":{"minecraft:interact_with_furnace":29,"minecraft:mob_kills":47,"minecraft:interact_with_crafting_table":17,"minecraft:time_since_death":27768,"minecraft:sleep_in_bed":4,"minecraft:climb_one_cm":10536,"minecraft:time_since_rest":7768,"minecraft:sprint_one_cm":98868,"minecraft:damage_taken":1709,"minecraft:walk_one_cm":93650,"minecraft:damage_blocked_by_shield":62,"minecraft:damage_dealt":6104,"minecraft:swim_one_cm":3723,"minecraft:fly_one_cm":143769,"minecraft:open_chest":12,"minecraft:crouch_one_cm":546,"minecraft:play_time":66125,"minecraft:deaths":4,"minecraft:sneak_time":909,"minecraft:walk_under_water_one_cm":684,"minecraft:jump":1224,"minecraft:walk_on_water_one_cm":4761,"minecraft:total_world_time":66125,"minecraft:fall_one_cm":19216},"minecraft:picked_up":{"minecraft:stripped_oak_log":1,"born_in_chaos_v1:corpse_maggot":2,"minecraft:charcoal":1,"minecraft:crafting_table":1,"minecraft:feather":36,"minecraft:cooked_beef":11,"minecraft:chicken":10,"minecraft:leather":33,"alexsmobs:bison_fur":2,"create:raw_zinc":14,"minecraft:oak_log":63,"jeg:scrap":23,"minecraft:shield":1,"scalinghealth:heart_crystal":1,"skilltree:gem":30,"minecraft:dirt":42,"minecraft:string":14,"minecraft:raw_copper":140,"minecraft:wooden_sword":2,"minecraft:cooked_mutton":14,"minecraft:leather_boots":2,"minecraft:bone":2,"minecraft:wheat_seeds":6,"minecraft:gold_nugget":11,"minecraft:beef":11,"minecraft:stone_pickaxe":2,"minecraft:cooked_chicken":4,"scalinghealth:power_crystal_shard":6,"minecraft:iron_pickaxe":2,"alexsmobs:raccoon_tail":1,"jeg:tech_trash":3,"minecraft:iron_sword":2,"minecraft:oak_planks":162,"minecraft:egg":1,"minecraft:stick":30,"minecraft:raw_iron":7,"scalinghealth:heart_crystal_shard":12,"meds_and_herbs:bark_oak":8,"minecraft:torch":154,"sophisticatedbackpacks:backpack":1,"minecraft:carrot":8,"alexsmobs:animal_dictionary":2,"rpgsmw:class_choose_orb":2,"minecraft:arrow":2,"minecraft:rotten_flesh":15,"gamma_beasts:coal_nugget":47,"minecraft:bread":18,"alexsmobs:maggot":1,"minecraft:oak_sapling":36,"minecraft:black_wool":1,"minecraft:mutton":35,"minecraft:coal":249,"minecraft:white_wool":18,"minecraft:cobblestone":218},"minecraft:killed":{"minecraft:zombie_villager":1,"alexsmobs:raccoon":2,"minecraft:spider":5,"born_in_chaos_v1:decrepit_skeleton":1,"born_in_chaos_v1:maggot":2,"minecraft:skeleton":1,"minecraft:horse":5,"minecraft:sheep":11,"minecraft:zombie":3,"minecraft:chicken":7,"born_in_chaos_v1:corpse_fly":1,"alexsmobs:bison":1,"alexsmobs:fly":1,"minecraft:cow":2},"minecraft:crafted":{"minecraft:cooked_beef":11,"minecraft:oak_planks":128,"sophisticatedbackpacks:backpack":1,"minecraft:crafting_table":1,"minecraft:cooked_chicken":5,"minecraft:wooden_pickaxe":1,"minecraft:iron_sword":1,"minecraft:furnace":3,"minecraft:copper_ingot":96,"minecraft:cooked_mutton":15,"minecraft:air":0,"minecraft:charcoal":1,"minecraft:stick":24,"minecraft:iron_ingot":5,"minecraft:iron_pickaxe":1,"minecraft:stone_pickaxe":1,"minecraft:wooden_axe":1,"minecraft:chest":4,"minecraft:white_bed":2,"minecraft:torch":80}},"DataVersion":3465}