{"stats":{"minecraft:used":{"minecraft:stone_pickaxe":84,"minecraft:chest":2,"minecraft:wooden_pickaxe":42,"minecraft:shield":3,"minecraft:crafting_table":2,"minecraft:wooden_axe":61,"minecraft:wooden_sword":59,"minecraft:furnace":1},"minecraft:broken":{"minecraft:wooden_sword":1,"minecraft:wooden_axe":1},"minecraft:mined":{"minecraft:podzol":1,"farmersdelight:wild_carrots":4,"minecraft:crafting_table":1,"minecraft:copper_ore":1,"minecraft:iron_ore":5,"treechop:chopped_log":25,"minecraft:grass":4,"minecraft:oak_log":10,"minecraft:coal_ore":64,"minecraft:stone":56},"minecraft:custom":{"minecraft:interact_with_furnace":9,"minecraft:mob_kills":19,"minecraft:interact_with_crafting_table":8,"minecraft:time_since_death":10234,"minecraft:climb_one_cm":2990,"minecraft:time_since_rest":10259,"minecraft:sprint_one_cm":41282,"minecraft:damage_taken":542,"minecraft:walk_one_cm":43096,"minecraft:damage_blocked_by_shield":62,"minecraft:damage_dealt":2192,"minecraft:swim_one_cm":3723,"minecraft:fly_one_cm":46066,"minecraft:open_chest":1,"minecraft:crouch_one_cm":308,"minecraft:play_time":27334,"minecraft:deaths":2,"minecraft:sneak_time":434,"minecraft:walk_under_water_one_cm":684,"minecraft:jump":404,"minecraft:walk_on_water_one_cm":3035,"minecraft:total_world_time":27334,"minecraft:fall_one_cm":5008},"minecraft:picked_up":{"minecraft:stripped_oak_log":1,"born_in_chaos_v1:corpse_maggot":2,"minecraft:charcoal":1,"minecraft:crafting_table":1,"minecraft:feather":10,"minecraft:cooked_beef":1,"minecraft:chicken":6,"minecraft:leather":8,"minecraft:oak_log":63,"minecraft:shield":1,"skilltree:gem":7,"minecraft:dirt":42,"minecraft:string":3,"minecraft:raw_copper":4,"minecraft:wooden_sword":2,"minecraft:leather_boots":2,"minecraft:bone":1,"minecraft:wheat_seeds":5,"minecraft:beef":5,"minecraft:stone_pickaxe":1,"minecraft:oak_planks":2,"minecraft:stick":22,"minecraft:raw_iron":5,"meds_and_herbs:bark_oak":8,"minecraft:carrot":8,"alexsmobs:animal_dictionary":2,"rpgsmw:class_choose_orb":2,"minecraft:rotten_flesh":11,"gamma_beasts:coal_nugget":15,"minecraft:bread":18,"alexsmobs:maggot":1,"minecraft:oak_sapling":36,"minecraft:mutton":11,"minecraft:coal":77,"minecraft:white_wool":6,"minecraft:cobblestone":93},"minecraft:killed":{"minecraft:spider":2,"born_in_chaos_v1:decrepit_skeleton":1,"born_in_chaos_v1:maggot":2,"minecraft:sheep":4,"minecraft:zombie":1,"minecraft:chicken":3,"born_in_chaos_v1:corpse_fly":1,"minecraft:cow":2},"minecraft:crafted":{"minecraft:cooked_beef":4,"minecraft:oak_planks":128,"minecraft:crafting_table":1,"minecraft:wooden_pickaxe":1,"minecraft:iron_sword":1,"minecraft:air":0,"minecraft:charcoal":1,"minecraft:stick":24,"minecraft:iron_ingot":5,"minecraft:iron_pickaxe":1,"minecraft:stone_pickaxe":1,"minecraft:wooden_axe":1,"minecraft:chest":2,"minecraft:torch":80}},"DataVersion":3465}