{"stats":{"minecraft:picked_up":{"minecraft:creeper_head":1,"minecraft:anvil":1,"minecraft:iron_chestplate":1,"minecraft:flower_pot":4,"minecraft:wheat":124,"beachparty:rubber_ring_axolotl":1,"rpgsmw:iron_ring":1,"minecraft:prismarine_shard":3,"minecraft:yellow_wool":4,"gamma_beasts:fur":37,"minecraft:smithing_table":2,"minecraft:gilded_blackstone":8,"minecraft:golden_sword":1,"born_in_chaos_v1:black_argillite":1,"minecraft:string":62,"create:limestone":1,"minecraft:raw_copper":98,"minecraft:zombie_head":1,"minecraft:gold_nugget":27,"minecraft:cobbled_deepslate":99,"minecraft:bucket":1,"minecraft:spruce_planks":66,"rpgsmw:rawmiphrilignot":9,"meds_and_herbs:plantago_leaves":4,"minecraft:redstone_torch":1,"minecraft:azalea":2,"minecraft:blue_wool":11,"minecraft:iron_pickaxe":1,"born_in_chaos_v1:stimulating_decoction":7,"minecraft:iron_boots":1,"minecraft:mangrove_log":1,"minecraft:furnace":6,"minecraft:tipped_arrow":3,"minecraft:stick":41,"born_in_chaos_v1:shattered_skull":2,"born_in_chaos_v1:phantom_powder":1,"minecraft:torch":125,"minecraft:porkchop":14,"minecraft:cherry_log":1,"born_in_chaos_v1:nightmare_claw":4,"supplementaries:flax":18,"minecraft:golden_chestplate":4,"minecraft:cauldron":2,"minecraft:yellow_banner":2,"minecraft:cactus":10,"minecraft:rotten_flesh":253,"supplementaries:antique_ink":6,"minecraft:red_tulip":1,"gamma_beasts:coal_nugget":51,"minecraft:green_wool":16,"minecraft:white_terracotta":41,"supplementaries:ash":84,"minecraft:cod":9,"minecraft:obsidian":19,"minecraft:snowball":38,"minecraft:cobblestone":167,"minecraft:birch_log":1,"minecraft:pink_petals":26,"gamma_beasts:pear":9,"minecraft:feather":4,"rpgsmw:steel":21,"minecraft:cooked_beef":20,"minecraft:repeater":31,"born_in_chaos_v1:spiritual_dust":2,"gamma_beasts:prehnite":40,"minecraft:potato":8,"minecraft:flint":7,"minecraft:tuff":16,"create:raw_zinc":153,"farmersdelight:cooked_bacon":16,"supplementaries:flax_seeds":56,"jeg:scrap":332,"minecraft:cut_sandstone_slab":3,"minecraft:lantern":4,"skilltree:gem":88,"minecraft:lapis_lazuli":235,"minecraft:dirt":258,"born_in_chaos_v1:nightmare_stalker_skull":1,"born_in_chaos_v1:monster_skin":7,"brewery:hops_seeds":8,"minecraft:leather_boots":2,"minecraft:hanging_roots":23,"minecraft:bone":100,"minecraft:bow":3,"minecraft:wheat_seeds":391,"minecraft:raw_gold":94,"minecraft:bell":1,"rpgsmw:miphril_pickaxe":3,"minecraft:grindstone":1,"minecraft:bamboo":597,"minecraft:poisonous_potato":1,"minecraft:sand":95,"minecraft:stripped_spruce_log":81,"minecraft:ink_sac":33,"minecraft:chiseled_sandstone":1,"minecraft:barrel":1,"minecraft:dark_oak_log":24,"farmersdelight:cooked_mutton_chops":35,"minecraft:dark_prismarine":501,"minecraft:iron_hoe":2,"rpgsmw:class_choose_orb":1,"minecraft:bundle":2,"beachparty:rubber_ring_pelican":2,"minecraft:diamond":80,"minecraft:spruce_boat":4,"rpgsmw:class_remove_orb":1,"minecraft:dead_brain_coral_block":1,"minecraft:bone_meal":12,"minecraft:chainmail_helmet":1,"minecraft:spruce_sign":4,"scalinghealth:cursed_heart":1,"minecraft:emerald":32,"alexsmobs:maggot":1,"minecraft:rooted_dirt":24,"born_in_chaos_v1:rotten_fish":2,"minecraft:netherrack":1,"minecraft:crimson_roots":1,"minecraft:charcoal":8,"minecraft:cocoa_beans":19,"minecraft:crafting_table":4,"minecraft:coarse_dirt":20,"born_in_chaos_v1:diamond_termite_shard":13,"minecraft:chicken":2,"minecraft:ladder":1,"minecraft:clay_ball":4,"minecraft:leather_leggings":2,"minecraft:redstone_lamp":35,"gamma_beasts:birch_leaf":6,"minecraft:diamond_horse_armor":1,"minecraft:chain":2,"minecraft:dead_horn_coral_block":3,"minecraft:shield":4,"rpgsmw:steel_mage_armor_leggings":1,"minecraft:cornflower":1,"alexsmobs:cooked_catfish":18,"minecraft:iron_axe":1,"minecraft:flint_and_steel":1,"minecraft:white_carpet":5,"minecraft:magenta_wool":9,"born_in_chaos_v1:intoxicating_decoction":6,"minecraft:iron_shovel":3,"beachparty:seashell":17,"minecraft:blackstone":4,"minecraft:candle":1,"minecraft:beef":6,"minecraft:cyan_wool":12,"born_in_chaos_v1:gnawed_bones":3,"minecraft:iron_nugget":47,"minecraft:spruce_slab":1,"minecraft:light_gray_wool":2,"minecraft:sugar_cane":4,"crittersandcompanions:clam":8,"minecraft:phantom_membrane":1,"minecraft:orange_dye":4,"minecraft:lime_wool":12,"minecraft:dark_oak_sapling":5,"minecraft:raw_iron":169,"minecraft:sandstone":62,"minecraft:copper_ingot":1,"minecraft:stone_button":1,"born_in_chaos_v1:pieceofdarkmetal":9,"minecraft:carrot":2,"minecraft:redstone":536,"minecraft:tnt":3,"minecraft:arrow":69,"minecraft:decorated_pot":1,"farmersdelight:cooked_chicken_cuts":12,"born_in_chaos_v1:wood_splitter_axe":1,"minecraft:hay_block":56,"crittersandcompanions:silk":11,"minecraft:yellow_terracotta":11,"born_in_chaos_v1:spiny_shell":1,"sophisticatedbackpacks:copper_backpack":1,"born_in_chaos_v1:trident_hayfork":1,"minecraft:mutton":15,"minecraft:bone_block":137,"minecraft:white_wool":79,"born_in_chaos_v1:fused_bone":8,"born_in_chaos_v1:corpse_maggot":46,"minecraft:basalt":1,"born_in_chaos_v1:monster_flesh":16,"minecraft:salmon":5,"minecraft:cut_sandstone":62,"rpgsmw:copper_gauntlet":4,"minecraft:leather":21,"minecraft:red_mushroom":2,"minecraft:filled_map":2,"gamma_beasts:thin_birch_log":6,"minecraft:oak_log":11,"scalinghealth:bandages":5,"minecraft:gunpowder":12,"scalinghealth:heart_crystal":20,"scalinghealth:medkit":1,"minecraft:orange_terracotta":55,"minecraft:birch_pressure_plate":2,"minecraft:smooth_sandstone":3,"minecraft:apple":3,"minecraft:kelp":35,"gamma_beasts:meat":8,"minecraft:rabbit_hide":4,"minecraft:iron_ingot":11,"minecraft:cooked_chicken":1,"scalinghealth:power_crystal_shard":32,"jeg:double_barrel_shotgun":3,"minecraft:green_dye":2,"rpgsmw:steel_mage_armor_chestplate":1,"minecraft:iron_sword":2,"jeg:tech_trash":18,"minecraft:scaffolding":39,"minecraft:book":138,"scalinghealth:heart_crystal_shard":43,"minecraft:smooth_basalt":3,"born_in_chaos_v1:orbofthe_summoner":1,"born_in_chaos_v1:ethereal_spirit":12,"minecraft:raw_iron_block":1,"minecraft:gravel":47,"minecraft:dead_fire_coral_block":1,"minecraft:spruce_sapling":33,"minecraft:spruce_log":129,"minecraft:green_carpet":5,"minecraft:spider_eye":8,"jeg:handmade_shell":15,"alexsmobs:raw_catfish":6,"minecraft:slime_ball":16,"tetra:geode":1,"minecraft:gray_wool":1,"gamma_beasts:salmon_steak":4,"minecraft:terracotta":2,"minecraft:black_wool":3,"minecraft:coal":159},"minecraft:killed":{"born_in_chaos_v1:zombie_clown":5,"minecraft:cave_spider":1,"born_in_chaos_v1:zombie_lumberjack":6,"born_in_chaos_v1:restless_spirit":8,"born_in_chaos_v1:skeleton_demoman":2,"born_in_chaos_v1:door_knight_not_despawn":1,"minecraft:spider":13,"born_in_chaos_v1:siamese_skeletonsright":5,"born_in_chaos_v1:baby_skeleton_minion":1,"minecraft:skeleton":30,"born_in_chaos_v1:skeleton_thrasher":2,"born_in_chaos_v1:bonescaller":1,"minecraft:pig":7,"minecraft:zombie_villager":1,"born_in_chaos_v1:diamond_termite":17,"minecraft:salmon":3,"gamma_beasts:careyatros_a":4,"minecraft:creeper":13,"minecraft:sheep":12,"minecraft:pillager":7,"born_in_chaos_v1:zombie_fisherman":3,"minecraft:goat":1,"minecraft:zombie":63,"born_in_chaos_v1:dread_hound":8,"born_in_chaos_v1:corpse_fly":19,"minecraft:stray":1,"gamma_beasts:dogishi_a":1,"alexsmobs:fly":2,"born_in_chaos_v1:door_knight":3,"minecraft:cow":5,"born_in_chaos_v1:siamese_skeletonsleft":7,"alexsmobs:raccoon":5,"minecraft:vindicator":2,"minecraft:slime":17,"born_in_chaos_v1:zombie_bruiser":5,"born_in_chaos_v1:maggot":58,"minecraft:phantom":1,"minecraft:horse":2,"alexsmobs:blue_jay":2,"minecraft:drowned":6,"gamma_beasts:dogishi_c":1,"born_in_chaos_v1:siamese_skeletons":3,"born_in_chaos_v1:barrel_zombie":2,"born_in_chaos_v1:fallen_chaos_knight":2,"minecraft:husk":50,"alexsmobs:guster":2,"born_in_chaos_v1:baby_skeleton":9,"born_in_chaos_v1:swarmer":2,"born_in_chaos_v1:spirit_guide_assistant":2,"crittersandcompanions:jumping_spider":1,"minecraft:bat":2,"minecraft:squid":18,"born_in_chaos_v1:decrepit_skeleton":17,"born_in_chaos_v1:phantom_creeper_copy":1,"alexsmobs:catfish":4,"born_in_chaos_v1:bloody_gadfly":1,"born_in_chaos_v1:decaying_zombie":2,"gamma_beasts:careyatros_c":4,"born_in_chaos_v1:dark_vortex":1,"born_in_chaos_v1:nightmare_stalker":4,"alexsmobs:crow":1},"minecraft:used":{"minecraft:iron_shovel":316,"minecraft:ladder":1,"minecraft:decorated_pot":1,"minecraft:chest":36,"minecraft:shield":42,"minecraft:iron_sword":22,"minecraft:rotten_flesh":2,"minecraft:birch_pressure_plate":1,"minecraft:tuff":6,"minecraft:snowball":35,"minecraft:stripped_spruce_log":6,"minecraft:milk_bucket":1,"minecraft:spruce_boat":4,"minecraft:lava_bucket":2,"minecraft:lantern":3,"rpgsmw:copper_battle_axe":60,"minecraft:bow":63,"minecraft:hay_block":1,"minecraft:furnace":9,"rpgsmw:steel_spear":817,"rpgsmw:copper_gauntlet":69,"minecraft:stone_pickaxe":130,"minecraft:wooden_pickaxe":14,"minecraft:yellow_terracotta":3,"minecraft:cut_sandstone_slab":1,"scalinghealth:cursed_heart":1,"minecraft:blast_furnace":2,"minecraft:black_bed":1,"born_in_chaos_v1:monster_flesh":1,"minecraft:stone_button":1,"farmersdelight:cooked_chicken_cuts":12,"minecraft:gravel":23,"supplementaries:flax_seeds":32,"minecraft:wooden_sword":59,"minecraft:coarse_dirt":20,"minecraft:bone_meal":78,"minecraft:cobweb":41,"minecraft:stone_sword":128,"minecraft:flint_and_steel":32,"minecraft:redstone":1,"minecraft:spruce_planks":8,"minecraft:cooked_salmon":4,"minecraft:cooked_chicken":1,"minecraft:netherrack":1,"minecraft:torch":323,"minecraft:dirt":180,"minecraft:spyglass":10,"scalinghealth:heart_crystal":23,"minecraft:white_carpet":1,"minecraft:raw_iron_block":1,"minecraft:iron_hoe":189,"minecraft:iron_axe":312,"minecraft:rooted_dirt":24,"jeg:double_barrel_shotgun":15,"minecraft:basalt":1,"rpgsmw:iron_spear":209,"rpgsmw:miphril_pickaxe":1334,"farmersdelight:cooked_mutton_chops":32,"minecraft:cooked_beef":20,"minecraft:cobbled_deepslate":26,"minecraft:wheat_seeds":146,"minecraft:water_bucket":3,"alexsmobs:cooked_catfish":24,"minecraft:tnt":11,"minecraft:crafting_table":4,"minecraft:campfire":1,"minecraft:flower_pot":1,"minecraft:iron_pickaxe":743,"minecraft:spruce_sapling":4,"farmersdelight:cooked_bacon":8,"minecraft:cobblestone":4,"minecraft:cooked_porkchop":7,"rpgsmw:diamond_greatsword":233,"minecraft:bucket":7,"born_in_chaos_v1:wood_splitter_axe":195},"minecraft:mined":{"create:deepslate_zinc_ore":118,"minecraft:spruce_planks":3,"minecraft:potted_cactus":2,"minecraft:obsidian":20,"minecraft:grass_block":99,"minecraft:blue_wool":12,"beachparty:sandwaves":3,"minecraft:gilded_blackstone":13,"minecraft:spawner":1,"beachparty:seashell_block":16,"minecraft:magma_block":1,"minecraft:raw_iron_block":1,"minecraft:iron_ore":81,"minecraft:cobbled_deepslate":1,"minecraft:anvil":1,"minecraft:deepslate_lapis_ore":21,"scalinghealth:deepslate_power_crystal_ore":11,"create:limestone":1,"minecraft:tripwire":9,"farmersdelight:wild_potatoes":8,"minecraft:deepslate_redstone_ore":76,"minecraft:cut_sandstone":2,"brewery:wild_hops":4,"minecraft:blackstone":4,"minecraft:kelp_plant":1,"minecraft:crimson_nylium":1,"minecraft:orange_terracotta":56,"scalinghealth:deepslate_heart_crystal_ore":30,"born_in_chaos_v1:infected_deepslate_diamond_ore":7,"minecraft:torch":7,"minecraft:cobblestone":1,"minecraft:grindstone":1,"minecraft:sugar_cane":1,"minecraft:wall_torch":4,"minecraft:cauldron":2,"minecraft:deepslate_copper_ore":12,"minecraft:pink_petals":12,"minecraft:seagrass":3,"minecraft:white_terracotta":42,"minecraft:cyan_wool":12,"minecraft:repeater":32,"minecraft:wheat":147,"minecraft:stone_brick_stairs":1,"minecraft:grass":595,"minecraft:oak_log":2,"minecraft:sand":45,"minecraft:dirt":54,"minecraft:smooth_basalt":3,"minecraft:potted_red_tulip":1,"minecraft:magenta_wool":9,"minecraft:oak_leaves":1,"minecraft:deepslate":78,"minecraft:redstone_lamp":38,"minecraft:yellow_terracotta":3,"create:zinc_ore":38,"minecraft:dark_prismarine":547,"minecraft:tuff":9,"rpgsmw:miphrildeepslateore":4,"minecraft:dark_oak_leaves":14,"minecraft:deepslate_diamond_ore":16,"tetra:block_geode":1,"minecraft:dark_oak_log":17,"meds_and_herbs:plantago":2,"born_in_chaos_v1:infected_diamond_ore":5,"minecraft:decorated_pot":1,"minecraft:ladder":1,"born_in_chaos_v1:black_argillite":1,"minecraft:crimson_roots":1,"minecraft:redstone_wire":20,"minecraft:lime_wool":12,"minecraft:spruce_leaves":60,"minecraft:red_mushroom":1,"minecraft:sandstone":1,"minecraft:rooted_dirt":24,"minecraft:hay_block":56,"minecraft:redstone_ore":13,"gamma_beasts:thin_birch_log":2,"minecraft:furnace":6,"supplementaries:flax":21,"minecraft:chiseled_sandstone":2,"minecraft:snow":22,"gamma_beasts:prehnite_ore":4,"minecraft:stripped_spruce_log":74,"treechop:chopped_log":37,"minecraft:bell":1,"minecraft:dead_horn_coral_block":3,"minecraft:bookshelf":46,"minecraft:deepslate_iron_ore":103,"minecraft:lantern":1,"crittersandcompanions:silk_cocoon":2,"minecraft:bamboo":74,"minecraft:green_wool":16,"minecraft:stone":153,"minecraft:bone_block":141,"minecraft:white_wool":64,"minecraft:smithing_table":2,"scalinghealth:heart_crystal_ore":1,"minecraft:podzol":11,"minecraft:scaffolding":36,"jeg:scrap_ore":36,"minecraft:basalt":1,"minecraft:crafting_table":4,"minecraft:cornflower":1,"minecraft:campfire":4,"minecraft:copper_ore":17,"minecraft:tall_grass":270,"minecraft:deepslate_coal_ore":71,"minecraft:lapis_ore":16,"minecraft:deepslate_gold_ore":71,"supplementaries:urn":43,"minecraft:dead_fire_coral_block":1,"gamma_beasts:deepslate_prehnite_ore":35,"jeg:deepslate_scrap_ore":82,"minecraft:cactus":3,"minecraft:coarse_dirt":20,"minecraft:creeper_head":1,"minecraft:ice":15,"minecraft:white_carpet":1,"minecraft:spruce_log":104,"faded_conquest_2:terrible_tensummon":1,"minecraft:dead_brain_coral_block":1,"minecraft:coal_ore":95,"minecraft:mycelium":4,"minecraft:cocoa":11,"minecraft:flower_pot":1,"minecraft:gravel":54,"minecraft:cobweb":19,"minecraft:terracotta":2,"minecraft:stone_bricks":1,"minecraft:gold_ore":17,"minecraft:deepslate_emerald_ore":1,"minecraft:infested_stone":1},"minecraft:broken":{"rpgsmw:steel_spear":1,"rpgsmw:steel_paladin_armour_boots":1,"rpgsmw:steel_paladin_armour_helmet":1,"rpgsmw:steel_paladin_armour_leggings":1,"minecraft:stone_pickaxe":1,"minecraft:wooden_sword":1,"minecraft:iron_sword":1,"rpgsmw:steel_paladin_armour_chestplate":1,"rpgsmw:iron_spear":1,"minecraft:stone_sword":1,"minecraft:iron_axe":1,"minecraft:leather_boots":1,"minecraft:iron_pickaxe":3,"minecraft:iron_helmet":1},"minecraft:custom":{"minecraft:animals_bred":24,"minecraft:interact_with_crafting_table":102,"minecraft:open_barrel":49,"minecraft:eat_cake_slice":16,"minecraft:leave_game":3,"minecraft:time_since_death":119532,"minecraft:damage_resisted":705,"minecraft:sprint_one_cm":1096151,"minecraft:damage_blocked_by_shield":1218,"minecraft:drop":226,"minecraft:talked_to_villager":5,"minecraft:play_time":622783,"minecraft:deaths":21,"minecraft:jump":6433,"minecraft:walk_on_water_one_cm":86958,"minecraft:interact_with_furnace":125,"minecraft:interact_with_cartography_table":2,"minecraft:interact_with_loom":2,"minecraft:sleep_in_bed":4,"minecraft:damage_dealt":120910,"minecraft:crouch_one_cm":39233,"minecraft:interact_with_smoker":1,"minecraft:interact_with_smithing_table":1,"minecraft:mob_kills":497,"minecraft:interact_with_anvil":1,"minecraft:interact_with_campfire":1,"minecraft:damage_dealt_resisted":9220,"minecraft:climb_one_cm":98455,"minecraft:walk_one_cm":1597978,"minecraft:damage_dealt_absorbed":80,"minecraft:target_hit":19,"minecraft:sneak_time":27426,"minecraft:walk_under_water_one_cm":96907,"minecraft:boat_one_cm":20,"minecraft:interact_with_blast_furnace":34,"minecraft:total_world_time":622783,"minecraft:interact_with_stonecutter":1,"minecraft:time_since_rest":119578,"minecraft:damage_taken":22942,"minecraft:trigger_trapped_chest":3,"minecraft:swim_one_cm":142743,"minecraft:fly_one_cm":1042321,"minecraft:open_chest":429,"minecraft:fall_one_cm":186386},"minecraft:crafted":{"rpgsmw:blue_fabric":62,"minecraft:smooth_stone":4,"minecraft:cobweb":1,"minecraft:stone":6,"minecraft:bow":1,"rpgsmw:steel_paladin_armour_leggings":1,"minecraft:chest":36,"minecraft:copper_block":3,"alexsmobs:cooked_catfish":6,"rpgsmw:woodenfiber":23,"rpgsmw:steelrainforcedstick":2,"gamma_beasts:cooked_meat":1,"minecraft:cooked_porkchop":8,"minecraft:spruce_planks":384,"rpgsmw:miphrilignot":4,"minecraft:copper_ingot":32,"minecraft:string":21,"minecraft:charcoal":0,"minecraft:stick":200,"minecraft:iron_ingot":126,"minecraft:iron_pickaxe":2,"minecraft:gold_ingot":6,"minecraft:black_bed":1,"minecraft:shears":1,"minecraft:iron_nugget":18,"minecraft:furnace":5,"minecraft:blast_furnace":2,"minecraft:bone_meal":66,"rpgsmw:steel_paladin_armour_helmet":1,"minecraft:iron_axe":1,"minecraft:dark_oak_planks":36,"minecraft:cooked_beef":2,"rpgsmw:steel":24,"minecraft:cooked_salmon":1,"sophisticatedbackpacks:gold_backpack":1,"scalinghealth:heart_crystal":3,"minecraft:bucket":1,"minecraft:air":0,"minecraft:blue_dye":31,"minecraft:white_wool":15,"minecraft:blue_wool":31,"minecraft:iron_shovel":1,"minecraft:torch":208},"minecraft:dropped":{"minecraft:iron_sword":1,"gamma_beasts:cooked_meat":1,"rpgsmw:steel_assassin_armour_leggings":1,"farmersdelight:cooked_bacon":8,"minecraft:leather":1,"jeg:scrap":92,"minecraft:cut_sandstone_slab":2,"minecraft:flint":4,"minecraft:dirt":1,"rpgsmw:steel_mage_armor_leggings":3,"beachparty:rubber_ring_pelican":3,"minecraft:gilded_blackstone":1,"farmersdelight:cooked_mutton_chops":3,"rpgsmw:steel_mage_armor_boots":1,"minecraft:iron_pickaxe":1,"rpgsmw:steel":10,"jeg:double_barrel_shotgun":2,"minecraft:rotten_flesh":19,"rpgsmw:steel_ranger_armor_boots":1,"beachparty:rubber_ring_axolotl":2,"rpgsmw:copper_battle_axe":1,"supplementaries:flax_seeds":21,"born_in_chaos_v1:corpse_maggot":8,"minecraft:leather_leggings":1,"rpgsmw:miphril_pickaxe":3,"minecraft:bread":10,"rpgsmw:steel_assassin_armour_chestplate":1,"minecraft:tnt":3,"gamma_beasts:coal_nugget":23,"rpgsmw:iron_ring":2,"rpgsmw:steel_mage_armor_chestplate":3,"minecraft:coal":74,"minecraft:diamond_horse_armor":1,"rpgsmw:steel_assassin_armour_boots":1,"minecraft:torch":32,"minecraft:iron_axe":1,"minecraft:iron_shovel":3,"minecraft:string":6,"create:raw_zinc":4,"minecraft:redstone":131,"minecraft:hanging_roots":23,"rpgsmw:steel_mage_armor_helmet":2,"minecraft:tuff":5,"rpgsmw:steel_assassin_armour_helmet":2,"minecraft:raw_iron":77,"minecraft:iron_hoe":2,"minecraft:filled_map":2,"minecraft:shield":1,"minecraft:bundle":2,"minecraft:raw_gold":9,"minecraft:dark_prismarine":320,"rpgsmw:copper_gauntlet":3}},"DataVersion":3465}