{"stats":{"minecraft:used":{"minecraft:stone_sword":83,"minecraft:stone_pickaxe":130,"minecraft:wooden_pickaxe":14,"minecraft:shield":42,"minecraft:torch":69,"minecraft:dirt":1,"scalinghealth:heart_crystal":3,"minecraft:crafting_table":4,"minecraft:campfire":1,"minecraft:iron_pickaxe":243,"minecraft:spruce_sapling":4,"rpgsmw:copper_battle_axe":56,"minecraft:wooden_sword":59,"minecraft:cobblestone":4,"minecraft:furnace":4,"farmersdelight:cooked_mutton_chops":18},"minecraft:picked_up":{"born_in_chaos_v1:fused_bone":3,"born_in_chaos_v1:diamond_termite_shard":2,"born_in_chaos_v1:corpse_maggot":16,"minecraft:crafting_table":3,"beachparty:rubber_ring_axolotl":1,"born_in_chaos_v1:monster_flesh":1,"gamma_beasts:prehnite":4,"create:raw_zinc":47,"jeg:scrap":71,"born_in_chaos_v1:black_argillite":1,"scalinghealth:heart_crystal":3,"minecraft:lapis_lazuli":112,"skilltree:gem":21,"minecraft:dirt":22,"minecraft:raw_copper":60,"born_in_chaos_v1:intoxicating_decoction":2,"minecraft:bone":15,"minecraft:wheat_seeds":2,"minecraft:cobbled_deepslate":2,"minecraft:raw_gold":6,"minecraft:bucket":1,"scalinghealth:power_crystal_shard":9,"born_in_chaos_v1:stimulating_decoction":1,"jeg:tech_trash":6,"minecraft:furnace":2,"minecraft:tipped_arrow":1,"minecraft:stick":5,"minecraft:raw_iron":77,"minecraft:torch":66,"minecraft:spruce_sapling":4,"minecraft:spruce_log":20,"minecraft:redstone":68,"minecraft:spider_eye":2,"farmersdelight:cooked_mutton_chops":21,"minecraft:arrow":8,"minecraft:rotten_flesh":23,"minecraft:slime_ball":1,"gamma_beasts:coal_nugget":12,"sophisticatedbackpacks:copper_backpack":1,"minecraft:coal":47,"minecraft:cobblestone":102},"minecraft:mined":{"create:zinc_ore":37,"minecraft:deepslate_redstone_ore":2,"create:deepslate_zinc_ore":10,"jeg:scrap_ore":35,"born_in_chaos_v1:infected_diamond_ore":3,"minecraft:crafting_table":3,"minecraft:torch":2,"minecraft:grass_block":1,"born_in_chaos_v1:black_argillite":1,"minecraft:deepslate_gold_ore":1,"minecraft:tall_grass":4,"minecraft:copper_ore":17,"minecraft:spruce_leaves":12,"minecraft:lapis_ore":16,"minecraft:deepslate_copper_ore":2,"minecraft:redstone_ore":13,"minecraft:furnace":2,"minecraft:iron_ore":74,"gamma_beasts:prehnite_ore":4,"minecraft:spruce_log":14,"treechop:chopped_log":8,"minecraft:deepslate_lapis_ore":2,"minecraft:grass":10,"minecraft:deepslate_iron_ore":13,"minecraft:mycelium":1,"minecraft:coal_ore":49,"minecraft:stone":89,"minecraft:gold_ore":5,"minecraft:deepslate":2,"minecraft:infested_stone":1},"minecraft:crafted":{"minecraft:spruce_planks":28,"minecraft:copper_ingot":32,"minecraft:air":0,"minecraft:stick":12,"minecraft:iron_ingot":3,"minecraft:copper_block":3,"minecraft:torch":44},"minecraft:dropped":{"minecraft:bread":10,"beachparty:rubber_ring_axolotl":1,"born_in_chaos_v1:corpse_maggot":7,"farmersdelight:cooked_mutton_chops":3},"minecraft:killed":{"born_in_chaos_v1:zombie_clown":1,"born_in_chaos_v1:fallen_chaos_knight":1,"born_in_chaos_v1:diamond_termite":3,"born_in_chaos_v1:baby_skeleton":1,"born_in_chaos_v1:swarmer":2,"minecraft:spider":2,"minecraft:bat":1,"minecraft:slime":6,"born_in_chaos_v1:decrepit_skeleton":3,"born_in_chaos_v1:maggot":6,"minecraft:skeleton":6,"minecraft:zombie":11,"born_in_chaos_v1:dread_hound":1,"born_in_chaos_v1:corpse_fly":11,"minecraft:stray":1,"born_in_chaos_v1:siamese_skeletonsleft":1},"minecraft:broken":{"minecraft:stone_pickaxe":1,"minecraft:leather_boots":1,"minecraft:wooden_sword":1,"minecraft:iron_pickaxe":1},"minecraft:custom":{"minecraft:interact_with_furnace":22,"minecraft:mob_kills":59,"minecraft:interact_with_crafting_table":16,"minecraft:damage_dealt_resisted":243,"minecraft:leave_game":1,"minecraft:time_since_death":9507,"minecraft:climb_one_cm":7057,"minecraft:time_since_rest":9539,"minecraft:sprint_one_cm":130508,"minecraft:damage_taken":4285,"minecraft:walk_one_cm":216897,"minecraft:damage_blocked_by_shield":1218,"minecraft:drop":6,"minecraft:damage_dealt":9525,"minecraft:fly_one_cm":107413,"minecraft:open_chest":7,"minecraft:crouch_one_cm":1827,"minecraft:play_time":89405,"minecraft:deaths":10,"minecraft:sneak_time":1959,"minecraft:walk_under_water_one_cm":2630,"minecraft:jump":874,"minecraft:walk_on_water_one_cm":7907,"minecraft:total_world_time":89405,"minecraft:fall_one_cm":20410}},"DataVersion":3465}