{"stats":{"minecraft:used":{"minecraft:stone_sword":128,"minecraft:iron_shovel":253,"minecraft:chest":9,"minecraft:spruce_planks":2,"minecraft:shield":42,"minecraft:iron_sword":3,"minecraft:rotten_flesh":2,"minecraft:torch":146,"minecraft:dirt":156,"scalinghealth:heart_crystal":8,"minecraft:raw_iron_block":1,"minecraft:tuff":1,"minecraft:snowball":35,"minecraft:stripped_spruce_log":6,"minecraft:milk_bucket":1,"minecraft:iron_hoe":188,"minecraft:iron_axe":312,"minecraft:rooted_dirt":24,"rpgsmw:copper_battle_axe":60,"rpgsmw:iron_spear":200,"minecraft:furnace":7,"farmersdelight:cooked_mutton_chops":29,"rpgsmw:copper_gauntlet":69,"minecraft:wheat_seeds":101,"minecraft:water_bucket":1,"alexsmobs:cooked_catfish":2,"minecraft:stone_pickaxe":130,"minecraft:wooden_pickaxe":14,"minecraft:crafting_table":4,"minecraft:blast_furnace":2,"minecraft:campfire":1,"farmersdelight:cooked_chicken_cuts":12,"minecraft:iron_pickaxe":495,"minecraft:gravel":23,"minecraft:spruce_sapling":4,"supplementaries:flax_seeds":17,"farmersdelight:cooked_bacon":4,"minecraft:wooden_sword":59,"minecraft:cobblestone":4,"minecraft:bucket":1,"minecraft:coarse_dirt":20,"minecraft:bone_meal":75,"minecraft:cobweb":2},"minecraft:picked_up":{"minecraft:coarse_dirt":20,"minecraft:crafting_table":4,"born_in_chaos_v1:diamond_termite_shard":7,"minecraft:wheat":14,"beachparty:rubber_ring_axolotl":1,"minecraft:diamond_horse_armor":1,"minecraft:shield":1,"born_in_chaos_v1:black_argillite":1,"alexsmobs:cooked_catfish":18,"minecraft:string":12,"create:limestone":1,"minecraft:raw_copper":96,"born_in_chaos_v1:intoxicating_decoction":4,"minecraft:zombie_head":1,"minecraft:cobbled_deepslate":25,"minecraft:bucket":1,"minecraft:spruce_planks":64,"minecraft:iron_nugget":17,"born_in_chaos_v1:stimulating_decoction":6,"minecraft:phantom_membrane":1,"minecraft:furnace":3,"minecraft:dark_oak_sapling":5,"minecraft:tipped_arrow":1,"minecraft:raw_iron":110,"minecraft:stick":40,"minecraft:torch":99,"born_in_chaos_v1:pieceofdarkmetal":4,"minecraft:redstone":123,"supplementaries:flax":5,"minecraft:arrow":17,"minecraft:rotten_flesh":69,"farmersdelight:cooked_chicken_cuts":12,"supplementaries:antique_ink":6,"gamma_beasts:coal_nugget":14,"sophisticatedbackpacks:copper_backpack":1,"supplementaries:ash":56,"minecraft:snowball":38,"minecraft:white_wool":5,"minecraft:cobblestone":157,"born_in_chaos_v1:fused_bone":5,"minecraft:birch_log":1,"born_in_chaos_v1:corpse_maggot":24,"rpgsmw:steel":10,"born_in_chaos_v1:monster_flesh":1,"minecraft:leather":2,"rpgsmw:copper_gauntlet":4,"gamma_beasts:prehnite":13,"minecraft:flint":6,"minecraft:tuff":2,"create:raw_zinc":103,"minecraft:oak_log":4,"farmersdelight:cooked_bacon":16,"scalinghealth:bandages":2,"supplementaries:flax_seeds":15,"jeg:scrap":87,"minecraft:gunpowder":5,"scalinghealth:heart_crystal":8,"skilltree:gem":39,"minecraft:lapis_lazuli":148,"minecraft:dirt":179,"brewery:hops_seeds":8,"minecraft:hanging_roots":23,"minecraft:bone":38,"minecraft:apple":3,"minecraft:wheat_seeds":138,"minecraft:raw_gold":38,"minecraft:iron_ingot":2,"scalinghealth:power_crystal_shard":9,"minecraft:iron_sword":1,"jeg:tech_trash":8,"scalinghealth:heart_crystal_shard":6,"born_in_chaos_v1:ethereal_spirit":2,"minecraft:raw_iron_block":1,"minecraft:gravel":44,"minecraft:stripped_spruce_log":81,"minecraft:spruce_sapling":33,"minecraft:spruce_log":127,"minecraft:dark_oak_log":22,"farmersdelight:cooked_mutton_chops":35,"minecraft:spider_eye":3,"rpgsmw:class_choose_orb":1,"minecraft:bundle":2,"minecraft:slime_ball":16,"minecraft:diamond":1,"rpgsmw:class_remove_orb":1,"minecraft:bone_meal":12,"minecraft:emerald":27,"minecraft:rooted_dirt":24,"minecraft:coal":49},"minecraft:mined":{"create:zinc_ore":38,"create:deepslate_zinc_ore":65,"minecraft:tuff":2,"minecraft:spruce_planks":1,"minecraft:dark_oak_leaves":14,"minecraft:deepslate_diamond_ore":1,"minecraft:dark_oak_log":17,"born_in_chaos_v1:infected_diamond_ore":5,"minecraft:grass_block":96,"born_in_chaos_v1:black_argillite":1,"minecraft:spruce_leaves":60,"minecraft:rooted_dirt":24,"minecraft:redstone_ore":13,"minecraft:raw_iron_block":1,"minecraft:furnace":3,"minecraft:iron_ore":79,"supplementaries:flax":8,"minecraft:snow":22,"gamma_beasts:prehnite_ore":4,"minecraft:stripped_spruce_log":74,"treechop:chopped_log":33,"minecraft:deepslate_lapis_ore":7,"minecraft:deepslate_iron_ore":41,"minecraft:stone":144,"create:limestone":1,"minecraft:podzol":11,"minecraft:deepslate_redstone_ore":14,"jeg:scrap_ore":35,"brewery:wild_hops":4,"scalinghealth:deepslate_heart_crystal_ore":6,"minecraft:crafting_table":4,"born_in_chaos_v1:infected_deepslate_diamond_ore":2,"minecraft:torch":4,"minecraft:copper_ore":17,"minecraft:tall_grass":270,"minecraft:lapis_ore":16,"minecraft:deepslate_gold_ore":28,"minecraft:wall_torch":1,"minecraft:deepslate_copper_ore":12,"supplementaries:urn":24,"minecraft:seagrass":1,"jeg:deepslate_scrap_ore":9,"gamma_beasts:deepslate_prehnite_ore":9,"minecraft:coarse_dirt":20,"minecraft:wheat":31,"minecraft:ice":15,"minecraft:spruce_log":104,"minecraft:grass":569,"minecraft:coal_ore":51,"minecraft:mycelium":1,"minecraft:gravel":50,"minecraft:dirt":46,"minecraft:cobweb":2,"minecraft:oak_leaves":1,"minecraft:gold_ore":5,"minecraft:deepslate_emerald_ore":1,"minecraft:deepslate":15,"minecraft:infested_stone":1},"minecraft:crafted":{"rpgsmw:blue_fabric":34,"minecraft:smooth_stone":4,"minecraft:cobweb":1,"minecraft:furnace":5,"minecraft:blast_furnace":2,"minecraft:stone":6,"minecraft:bone_meal":63,"rpgsmw:steel_paladin_armour_helmet":1,"minecraft:iron_axe":1,"rpgsmw:steel_paladin_armour_leggings":1,"minecraft:chest":9,"minecraft:copper_block":3,"rpgsmw:woodenfiber":23,"minecraft:spruce_planks":156,"rpgsmw:steel":15,"minecraft:copper_ingot":32,"sophisticatedbackpacks:gold_backpack":1,"minecraft:bucket":1,"minecraft:air":0,"minecraft:blue_dye":17,"minecraft:string":7,"minecraft:white_wool":11,"minecraft:charcoal":0,"minecraft:stick":116,"minecraft:iron_ingot":126,"minecraft:iron_pickaxe":2,"minecraft:blue_wool":17,"minecraft:iron_shovel":1,"minecraft:gold_ingot":6,"minecraft:torch":44,"minecraft:shears":1},"minecraft:dropped":{"minecraft:bread":10,"farmersdelight:cooked_bacon":8,"rpgsmw:steel_mage_armor_chestplate":1,"minecraft:diamond_horse_armor":1,"rpgsmw:steel_mage_armor_leggings":1,"farmersdelight:cooked_mutton_chops":3,"minecraft:hanging_roots":23,"rpgsmw:steel_mage_armor_helmet":1,"rpgsmw:steel_assassin_armour_helmet":1,"rpgsmw:steel":10,"minecraft:raw_iron":64,"rpgsmw:steel_ranger_armor_boots":1,"beachparty:rubber_ring_axolotl":1,"rpgsmw:copper_battle_axe":1,"supplementaries:flax_seeds":1,"minecraft:shield":1,"minecraft:bundle":2,"born_in_chaos_v1:corpse_maggot":7,"rpgsmw:copper_gauntlet":3},"minecraft:killed":{"born_in_chaos_v1:zombie_clown":4,"born_in_chaos_v1:restless_spirit":1,"born_in_chaos_v1:zombie_lumberjack":2,"born_in_chaos_v1:skeleton_demoman":1,"minecraft:spider":6,"minecraft:slime":17,"born_in_chaos_v1:siamese_skeletonsright":1,"born_in_chaos_v1:zombie_bruiser":1,"born_in_chaos_v1:maggot":11,"minecraft:phantom":1,"minecraft:skeleton":10,"born_in_chaos_v1:skeleton_thrasher":1,"born_in_chaos_v1:fallen_chaos_knight":1,"born_in_chaos_v1:diamond_termite":9,"born_in_chaos_v1:baby_skeleton":3,"born_in_chaos_v1:swarmer":2,"minecraft:bat":1,"minecraft:creeper":1,"born_in_chaos_v1:decrepit_skeleton":8,"minecraft:zombie":24,"born_in_chaos_v1:dread_hound":1,"born_in_chaos_v1:corpse_fly":12,"minecraft:stray":1,"born_in_chaos_v1:siamese_skeletonsleft":2},"minecraft:broken":{"minecraft:stone_sword":1,"minecraft:stone_pickaxe":1,"minecraft:iron_axe":1,"minecraft:wooden_sword":1,"minecraft:leather_boots":1,"minecraft:iron_sword":1,"minecraft:iron_pickaxe":2},"minecraft:custom":{"minecraft:mob_kills":126,"minecraft:animals_bred":7,"minecraft:interact_with_crafting_table":78,"minecraft:damage_dealt_resisted":1060,"minecraft:eat_cake_slice":3,"minecraft:leave_game":1,"minecraft:time_since_death":37234,"minecraft:climb_one_cm":26819,"minecraft:damage_resisted":260,"minecraft:sprint_one_cm":399865,"minecraft:walk_one_cm":675930,"minecraft:damage_blocked_by_shield":1218,"minecraft:drop":31,"minecraft:play_time":251405,"minecraft:deaths":16,"minecraft:sneak_time":9117,"minecraft:walk_under_water_one_cm":7902,"minecraft:jump":2568,"minecraft:interact_with_blast_furnace":16,"minecraft:walk_on_water_one_cm":12340,"minecraft:total_world_time":251405,"minecraft:interact_with_furnace":96,"minecraft:interact_with_stonecutter":1,"minecraft:sleep_in_bed":2,"minecraft:time_since_rest":37267,"minecraft:damage_taken":8902,"minecraft:damage_dealt":23396,"minecraft:swim_one_cm":685,"minecraft:fly_one_cm":406091,"minecraft:open_chest":100,"minecraft:crouch_one_cm":13345,"minecraft:fall_one_cm":61721}},"DataVersion":3465}