{"stats":{"minecraft:used":{"minecraft:stone_sword":128,"minecraft:stone_pickaxe":130,"minecraft:wooden_pickaxe":14,"minecraft:shield":42,"minecraft:rotten_flesh":2,"minecraft:torch":144,"minecraft:dirt":1,"scalinghealth:heart_crystal":6,"minecraft:crafting_table":4,"minecraft:raw_iron_block":1,"minecraft:campfire":1,"minecraft:tuff":1,"minecraft:iron_pickaxe":441,"minecraft:spruce_sapling":4,"rpgsmw:copper_battle_axe":60,"minecraft:wooden_sword":59,"minecraft:cobblestone":4,"minecraft:furnace":5,"farmersdelight:cooked_mutton_chops":18,"rpgsmw:copper_gauntlet":69},"minecraft:picked_up":{"born_in_chaos_v1:fused_bone":3,"born_in_chaos_v1:diamond_termite_shard":7,"born_in_chaos_v1:corpse_maggot":20,"minecraft:crafting_table":4,"beachparty:rubber_ring_axolotl":1,"born_in_chaos_v1:monster_flesh":1,"rpgsmw:copper_gauntlet":4,"gamma_beasts:prehnite":13,"minecraft:diamond_horse_armor":1,"minecraft:tuff":2,"supplementaries:flax_seeds":1,"create:raw_zinc":103,"minecraft:gunpowder":3,"jeg:scrap":87,"minecraft:shield":1,"born_in_chaos_v1:black_argillite":1,"scalinghealth:heart_crystal":6,"minecraft:lapis_lazuli":148,"skilltree:gem":38,"minecraft:dirt":22,"minecraft:raw_copper":96,"create:limestone":1,"born_in_chaos_v1:intoxicating_decoction":3,"minecraft:zombie_head":1,"minecraft:bone":23,"minecraft:wheat_seeds":2,"minecraft:cobbled_deepslate":25,"minecraft:raw_gold":38,"minecraft:bucket":1,"scalinghealth:power_crystal_shard":9,"minecraft:iron_nugget":17,"born_in_chaos_v1:stimulating_decoction":3,"jeg:tech_trash":8,"minecraft:furnace":3,"minecraft:tipped_arrow":1,"minecraft:stick":5,"minecraft:raw_iron":110,"scalinghealth:heart_crystal_shard":6,"minecraft:torch":96,"minecraft:raw_iron_block":1,"minecraft:spruce_sapling":4,"born_in_chaos_v1:pieceofdarkmetal":1,"minecraft:spruce_log":20,"minecraft:redstone":123,"minecraft:spider_eye":3,"farmersdelight:cooked_mutton_chops":21,"minecraft:bundle":2,"rpgsmw:class_choose_orb":1,"minecraft:arrow":12,"minecraft:rotten_flesh":35,"minecraft:slime_ball":1,"minecraft:diamond":1,"rpgsmw:class_remove_orb":1,"supplementaries:antique_ink":6,"gamma_beasts:coal_nugget":12,"minecraft:emerald":27,"sophisticatedbackpacks:copper_backpack":1,"supplementaries:ash":55,"minecraft:coal":47,"minecraft:cobblestone":105},"minecraft:mined":{"create:zinc_ore":38,"minecraft:deepslate_redstone_ore":14,"create:deepslate_zinc_ore":65,"minecraft:tuff":2,"jeg:scrap_ore":35,"minecraft:deepslate_diamond_ore":1,"scalinghealth:deepslate_heart_crystal_ore":6,"born_in_chaos_v1:infected_diamond_ore":5,"minecraft:crafting_table":4,"born_in_chaos_v1:infected_deepslate_diamond_ore":2,"minecraft:torch":3,"minecraft:grass_block":1,"born_in_chaos_v1:black_argillite":1,"minecraft:deepslate_gold_ore":28,"minecraft:tall_grass":4,"minecraft:copper_ore":17,"minecraft:spruce_leaves":12,"minecraft:lapis_ore":16,"minecraft:wall_torch":1,"gamma_beasts:deepslate_prehnite_ore":9,"jeg:deepslate_scrap_ore":9,"minecraft:deepslate_copper_ore":12,"supplementaries:urn":24,"minecraft:raw_iron_block":1,"minecraft:redstone_ore":13,"minecraft:furnace":3,"minecraft:iron_ore":79,"gamma_beasts:prehnite_ore":4,"minecraft:spruce_log":14,"treechop:chopped_log":8,"minecraft:deepslate_lapis_ore":7,"minecraft:grass":10,"minecraft:deepslate_iron_ore":41,"minecraft:mycelium":1,"minecraft:coal_ore":49,"minecraft:stone":92,"minecraft:gold_ore":5,"minecraft:deepslate_emerald_ore":1,"create:limestone":1,"minecraft:deepslate":15,"minecraft:infested_stone":1},"minecraft:crafted":{"minecraft:spruce_planks":28,"minecraft:furnace":1,"minecraft:copper_ingot":32,"sophisticatedbackpacks:gold_backpack":1,"minecraft:air":0,"minecraft:stick":12,"minecraft:iron_ingot":11,"minecraft:iron_pickaxe":1,"minecraft:gold_ingot":6,"minecraft:copper_block":3,"minecraft:torch":44},"minecraft:dropped":{"minecraft:bread":10,"minecraft:raw_iron":64,"rpgsmw:copper_battle_axe":1,"beachparty:rubber_ring_axolotl":1,"minecraft:diamond_horse_armor":1,"supplementaries:flax_seeds":1,"minecraft:shield":1,"minecraft:bundle":2,"born_in_chaos_v1:corpse_maggot":7,"farmersdelight:cooked_mutton_chops":3,"rpgsmw:copper_gauntlet":3},"minecraft:killed":{"born_in_chaos_v1:zombie_clown":2,"born_in_chaos_v1:fallen_chaos_knight":1,"born_in_chaos_v1:diamond_termite":9,"born_in_chaos_v1:baby_skeleton":1,"born_in_chaos_v1:swarmer":2,"minecraft:spider":3,"minecraft:bat":1,"minecraft:slime":6,"minecraft:creeper":1,"born_in_chaos_v1:decrepit_skeleton":5,"born_in_chaos_v1:maggot":6,"minecraft:skeleton":8,"minecraft:zombie":17,"born_in_chaos_v1:dread_hound":1,"born_in_chaos_v1:corpse_fly":12,"minecraft:stray":1,"born_in_chaos_v1:siamese_skeletonsleft":1},"minecraft:broken":{"minecraft:stone_pickaxe":1,"minecraft:stone_sword":1,"minecraft:leather_boots":1,"minecraft:wooden_sword":1,"minecraft:iron_pickaxe":1},"minecraft:custom":{"minecraft:interact_with_furnace":31,"minecraft:mob_kills":80,"minecraft:interact_with_crafting_table":25,"minecraft:damage_dealt_resisted":243,"minecraft:leave_game":1,"minecraft:time_since_death":19169,"minecraft:sleep_in_bed":1,"minecraft:climb_one_cm":10842,"minecraft:damage_resisted":101,"minecraft:time_since_rest":16204,"minecraft:sprint_one_cm":183469,"minecraft:damage_taken":5869,"minecraft:walk_one_cm":327514,"minecraft:damage_blocked_by_shield":1218,"minecraft:drop":16,"minecraft:damage_dealt":13831,"minecraft:fly_one_cm":169152,"minecraft:open_chest":12,"minecraft:crouch_one_cm":2543,"minecraft:play_time":125405,"minecraft:deaths":12,"minecraft:sneak_time":2835,"minecraft:walk_under_water_one_cm":2872,"minecraft:jump":1360,"minecraft:walk_on_water_one_cm":9627,"minecraft:total_world_time":125405,"minecraft:fall_one_cm":33935}},"DataVersion":3465}