{"stats":{"minecraft:used":{"minecraft:stone_sword":57,"minecraft:iron_shovel":306,"minecraft:spruce_slab":20,"minecraft:stone_shovel":399,"minecraft:chest":2,"minecraft:spruce_planks":857,"minecraft:shield":11,"minecraft:iron_sword":299,"minecraft:rotten_flesh":2,"minecraft:torch":116,"minecraft:dirt":54,"minecraft:anvil":1,"scalinghealth:heart_crystal":3,"minecraft:jungle_planks":4,"minecraft:spruce_stairs":286,"minecraft:snowball":3,"minecraft:birch_door":2,"minecraft:iron_axe":726,"born_in_chaos_v1:mint_candy":3,"farmersdelight:cutting_board":1,"minecraft:sweet_berries":48,"minecraft:furnace":9,"minecraft:cobbled_deepslate":5,"minecraft:spruce_door":1,"minecraft:stone_pickaxe":107,"minecraft:oak_planks":46,"minecraft:wooden_pickaxe":15,"minecraft:stonecutter":2,"rpgsmw:steel_assassin_armour_helmet":1,"minecraft:crafting_table":9,"minecraft:blast_furnace":2,"minecraft:white_bed":2,"minecraft:cake":1,"minecraft:dark_prismarine":20,"minecraft:bread":35,"minecraft:iron_pickaxe":154,"minecraft:spruce_pressure_plate":4,"jeg:scrap_workbench":1,"minecraft:stone_axe":116,"minecraft:wooden_sword":20,"minecraft:cobblestone":43,"minecraft:cooked_porkchop":4,"minecraft:glass_pane":87,"minecraft:cobweb":2},"minecraft:picked_up":{"minecraft:mud":1,"minecraft:charcoal":14,"minecraft:crafting_table":6,"minecraft:anvil":1,"minecraft:ladder":2,"minecraft:nether_wart":2,"born_in_chaos_v1:seedof_chaos":1,"minecraft:potion":4,"rpgsmw:steel_assassin_armour_helmet":1,"jeg:scrap_workbench":1,"minecraft:brewing_stand":2,"farmersdelight:cutting_board":1,"minecraft:string":5,"minecraft:iron_axe":2,"born_in_chaos_v1:intoxicating_decoction":1,"minecraft:cobbled_deepslate":9,"minecraft:spruce_planks":79,"born_in_chaos_v1:gnawed_bones":1,"minecraft:phantom_membrane":2,"minecraft:furnace":8,"minecraft:egg":2,"minecraft:stick":9,"minecraft:raw_iron":14,"minecraft:stone":1,"born_in_chaos_v1:shattered_skull":2,"minecraft:torch":2,"minecraft:acacia_log":4,"minecraft:spruce_stairs":25,"minecraft:porkchop":6,"minecraft:cherry_log":2,"born_in_chaos_v1:pieceofdarkmetal":6,"minecraft:arrow":16,"minecraft:rotten_flesh":38,"minecraft:hay_block":5,"gamma_beasts:coal_nugget":14,"minecraft:snowball":424,"minecraft:mutton":5,"minecraft:white_wool":2,"minecraft:cobblestone":128,"minecraft:skeleton_skull":1,"minecraft:birch_log":7,"born_in_chaos_v1:corpse_maggot":17,"minecraft:feather":1,"born_in_chaos_v1:monster_flesh":2,"minecraft:brown_wool":1,"minecraft:leather":9,"minecraft:birch_planks":2,"create:raw_zinc":20,"minecraft:oak_log":2,"scalinghealth:bandages":2,"farmersdelight:cooked_bacon":12,"jeg:scrap":13,"minecraft:gunpowder":2,"scalinghealth:heart_crystal":3,"skilltree:gem":8,"minecraft:dirt":237,"born_in_chaos_v1:monster_skin":2,"brewery:hops_seeds":4,"minecraft:hanging_roots":23,"minecraft:bone":29,"minecraft:gray_carpet":1,"minecraft:stonecutter":1,"minecraft:wheat_seeds":32,"minecraft:iron_ingot":2,"scalinghealth:power_crystal_shard":18,"minecraft:glass_bottle":5,"minecraft:oak_planks":29,"jeg:tech_trash":1,"scalinghealth:heart_crystal_shard":17,"minecraft:warped_fungus":3,"minecraft:cooked_porkchop":4,"minecraft:sweet_berries":65,"born_in_chaos_v1:ethereal_spirit":5,"minecraft:sand":80,"born_in_chaos_v1:dark_rod":3,"minecraft:jungle_planks":11,"minecraft:stripped_spruce_log":1,"minecraft:spruce_sapling":8,"minecraft:blast_furnace":2,"minecraft:white_bed":2,"minecraft:spruce_log":328,"minecraft:spruce_door":1,"minecraft:dark_oak_log":7,"minecraft:barrel":1,"minecraft:dark_prismarine":23,"minecraft:oak_wood":8,"minecraft:sugar":3,"minecraft:slime_ball":15,"born_in_chaos_v1:pile_of_skulls":1,"minecraft:bone_meal":1,"minecraft:gray_wool":1,"minecraft:emerald":1,"minecraft:bricks":2,"minecraft:coal":85,"minecraft:ender_pearl":1},"minecraft:mined":{"create:zinc_ore":17,"minecraft:dark_prismarine":24,"create:deepslate_zinc_ore":4,"minecraft:spruce_planks":72,"minecraft:white_bed":2,"minecraft:brewing_stand":2,"minecraft:grass_block":217,"minecraft:jungle_planks":11,"minecraft:spruce_leaves":1,"born_in_chaos_v1:gnawed_bones":1,"born_in_chaos_v1:pile_of_skulls":1,"minecraft:hay_block":5,"minecraft:furnace":8,"minecraft:iron_ore":8,"minecraft:barrel":1,"minecraft:snow":344,"treechop:chopped_log":266,"minecraft:anvil":1,"minecraft:deepslate_iron_ore":6,"minecraft:azalea_leaves":1,"minecraft:stone":126,"minecraft:glass_pane":5,"jeg:scrap_ore":3,"brewery:wild_hops":2,"minecraft:spruce_door":1,"minecraft:crafting_table":6,"minecraft:torch":2,"minecraft:blast_furnace":2,"minecraft:oak_wood":9,"minecraft:campfire":1,"minecraft:tall_grass":98,"minecraft:cobblestone":4,"minecraft:deepslate_coal_ore":8,"minecraft:oak_planks":29,"minecraft:bricks":2,"minecraft:skeleton_skull":1,"minecraft:spruce_stairs":26,"jeg:deepslate_scrap_ore":5,"minecraft:birch_planks":2,"jeg:scrap_workbench":1,"minecraft:birch_log":2,"minecraft:sweet_berry_bush":32,"minecraft:spruce_log":77,"minecraft:grass":187,"minecraft:coal_ore":40,"minecraft:mycelium":3,"minecraft:sand":80,"minecraft:dirt":50,"minecraft:gray_carpet":1,"minecraft:cobweb":5,"minecraft:stonecutter":1,"minecraft:deepslate":9,"minecraft:deepslate_emerald_ore":1},"minecraft:dropped":{"farmersdelight:cooked_bacon":23,"minecraft:leather":4,"minecraft:snowball":151,"minecraft:iron_axe":1,"minecraft:bone":1,"minecraft:sweet_berries":1,"minecraft:spruce_planks":1},"minecraft:crafted":{"minecraft:cherry_planks":8,"minecraft:oak_planks":32,"minecraft:stone_shovel":2,"minecraft:furnace":1,"minecraft:stone":3,"minecraft:glass_pane":128,"minecraft:spruce_pressure_plate":4,"minecraft:glass":80,"minecraft:spruce_stairs":264,"minecraft:iron_axe":2,"minecraft:spruce_slab":60,"minecraft:stone_pickaxe":1,"minecraft:chest":3,"minecraft:birch_door":3,"sophisticatedbackpacks:iron_backpack":1,"minecraft:wheat":45,"minecraft:crafting_table":4,"minecraft:spruce_planks":1312,"minecraft:wooden_pickaxe":1,"minecraft:spruce_door":3,"minecraft:birch_planks":32,"minecraft:stone_axe":1,"minecraft:air":0,"minecraft:bread":15,"minecraft:stick":64,"minecraft:iron_ingot":6,"minecraft:iron_pickaxe":1,"minecraft:wooden_axe":1,"minecraft:stone_sword":1,"minecraft:snow_block":28,"minecraft:iron_shovel":2,"minecraft:stonecutter":1,"minecraft:acacia_planks":8,"minecraft:torch":116},"minecraft:killed":{"born_in_chaos_v1:zombie_clown":1,"born_in_chaos_v1:restless_spirit":2,"born_in_chaos_v1:zombie_lumberjack":3,"born_in_chaos_v1:zombie_clown_not_despawn":1,"born_in_chaos_v1:skeleton_thrasher_not_despawn":1,"minecraft:slime":25,"born_in_chaos_v1:zombie_bruiser":1,"minecraft:phantom":4,"born_in_chaos_v1:maggot":11,"minecraft:skeleton":7,"minecraft:horse":5,"born_in_chaos_v1:spiritof_chaos":1,"born_in_chaos_v1:bonescaller":1,"minecraft:pig":3,"minecraft:zombie_villager":1,"born_in_chaos_v1:baby_skeleton":2,"born_in_chaos_v1:decrepit_skeleton":4,"minecraft:sheep":4,"minecraft:zombie":15,"born_in_chaos_v1:corpse_fly":7,"born_in_chaos_v1:dark_vortex":2,"alexsmobs:crow":1,"minecraft:enderman":2,"minecraft:cow":2},"minecraft:broken":{"minecraft:iron_shovel":1,"minecraft:iron_axe":2,"minecraft:leather_boots":1,"minecraft:stone_axe":1,"minecraft:stone_shovel":3},"minecraft:custom":{"minecraft:interact_with_anvil":1,"minecraft:mob_kills":108,"minecraft:interact_with_crafting_table":49,"minecraft:open_barrel":25,"minecraft:eat_cake_slice":4,"minecraft:damage_dealt_resisted":3661,"minecraft:time_since_death":156294,"minecraft:climb_one_cm":2241,"minecraft:sprint_one_cm":384421,"minecraft:walk_one_cm":761717,"minecraft:damage_blocked_by_shield":374,"minecraft:drop":24,"minecraft:play_time":240430,"minecraft:deaths":4,"minecraft:sneak_time":5469,"minecraft:walk_under_water_one_cm":3301,"minecraft:interact_with_brewingstand":2,"minecraft:jump":2291,"minecraft:interact_with_blast_furnace":4,"minecraft:walk_on_water_one_cm":13616,"minecraft:total_world_time":240430,"minecraft:interact_with_furnace":18,"minecraft:interact_with_stonecutter":2,"minecraft:time_since_rest":156323,"minecraft:damage_taken":5805,"minecraft:damage_dealt":17479,"minecraft:fly_one_cm":417580,"minecraft:swim_one_cm":8307,"minecraft:open_chest":81,"minecraft:crouch_one_cm":17822,"minecraft:fall_one_cm":64219}},"DataVersion":3465}