{"stats":{"minecraft:crafted":{"minecraft:oak_planks":32,"minecraft:stone":3,"minecraft:diamond_shovel":1,"minecraft:bookshelf":27,"minecraft:spruce_pressure_plate":4,"minecraft:glass":80,"minecraft:chest":4,"minecraft:birch_door":3,"minecraft:emerald":117,"minecraft:diamond_axe":1,"minecraft:crafting_table":5,"minecraft:spruce_planks":1620,"minecraft:wooden_pickaxe":1,"minecraft:spruce_door":3,"minecraft:birch_planks":32,"minecraft:spruce_trapdoor":2,"minecraft:diamond_pickaxe":1,"minecraft:stick":64,"minecraft:iron_ingot":6,"minecraft:iron_pickaxe":1,"minecraft:stone_sword":1,"minecraft:snow_block":28,"minecraft:gold_ingot":108,"minecraft:netherite_ingot":2,"minecraft:shears":1,"minecraft:cherry_planks":8,"minecraft:stone_shovel":2,"minecraft:furnace":1,"minecraft:glass_pane":128,"minecraft:diamond":72,"minecraft:spruce_stairs":296,"minecraft:iron_axe":3,"minecraft:spruce_slab":60,"minecraft:stone_pickaxe":1,"minecraft:wheat":45,"sophisticatedbackpacks:iron_backpack":2,"sophisticatedbackpacks:gold_backpack":2,"minecraft:stone_axe":1,"minecraft:air":0,"minecraft:bread":15,"minecraft:wooden_axe":1,"minecraft:iron_shovel":2,"minecraft:stonecutter":1,"minecraft:acacia_planks":8,"minecraft:torch":172},"minecraft:used":{"minecraft:iron_shovel":329,"minecraft:spruce_slab":20,"minecraft:ladder":5,"minecraft:chest":2,"minecraft:shield":11,"minecraft:iron_sword":479,"minecraft:rotten_flesh":2,"minecraft:jungle_planks":4,"minecraft:snowball":3,"beachparty:rubber_ring_axolotl":1,"born_in_chaos_v1:mint_candy":3,"farmersdelight:cutting_board":1,"minecraft:sweet_berries":48,"minecraft:furnace":9,"minecraft:spruce_door":1,"minecraft:stone_pickaxe":107,"minecraft:oak_planks":46,"minecraft:wooden_pickaxe":15,"minecraft:sandstone":23,"minecraft:diamond_axe":41,"rpgsmw:steel_assassin_armour_helmet":1,"minecraft:sand":26,"minecraft:blast_furnace":2,"minecraft:bread":44,"minecraft:wooden_sword":20,"minecraft:cobweb":2,"minecraft:netherite_sword":210,"minecraft:stone_sword":57,"minecraft:stone_shovel":399,"minecraft:spruce_planks":920,"minecraft:torch":174,"minecraft:dirt":165,"minecraft:anvil":1,"scalinghealth:heart_crystal":6,"minecraft:spruce_stairs":288,"tetra:scroll_rolled":7,"farmersdelight:beef_patty":26,"minecraft:birch_door":2,"minecraft:iron_axe":798,"minecraft:brick_stairs":1,"minecraft:iron_boots":1,"farmersdelight:cooked_mutton_chops":10,"minecraft:cobbled_deepslate":5,"minecraft:beetroot_soup":8,"minecraft:cooked_mutton":4,"minecraft:water_bucket":4,"minecraft:stonecutter":2,"minecraft:crafting_table":11,"minecraft:white_bed":2,"minecraft:cake":1,"minecraft:dark_prismarine":20,"minecraft:diamond_pickaxe":130,"minecraft:iron_pickaxe":261,"minecraft:spruce_pressure_plate":4,"minecraft:spruce_trapdoor":1,"jeg:scrap_workbench":1,"minecraft:stone_axe":116,"farmersdelight:cooked_bacon":15,"minecraft:cobblestone":104,"minecraft:cooked_porkchop":4,"minecraft:bucket":5,"minecraft:glass_pane":87,"beachparty:rubber_ring_pelican":2,"minecraft:splash_potion":3},"minecraft:picked_up":{"beachparty:rubber_ring_axolotl":1,"minecraft:anvil":2,"minecraft:lead":1,"minecraft:enchanted_book":1,"minecraft:potion":4,"rpgsmw:steel_assassin_armour_helmet":2,"born_in_chaos_v1:bloody_gadfly_eye":1,"minecraft:crimson_planks":1,"minecraft:brewing_stand":2,"minecraft:golden_sword":1,"farmersdelight:cutting_board":1,"minecraft:string":8,"minecraft:raw_copper":6,"minecraft:armor_stand":1,"minecraft:zombie_head":1,"minecraft:cobbled_deepslate":9,"born_in_chaos_v1:charmof_power":1,"minecraft:spruce_planks":114,"minecraft:furnace":8,"minecraft:stick":9,"born_in_chaos_v1:shattered_skull":2,"minecraft:torch":2,"minecraft:acacia_log":4,"minecraft:spruce_stairs":27,"minecraft:porkchop":6,"minecraft:cherry_log":2,"born_in_chaos_v1:nightmare_claw":2,"minecraft:warped_planks":2,"minecraft:cactus":6,"minecraft:rotten_flesh":82,"gamma_beasts:coal_nugget":14,"supplementaries:ash":1,"minecraft:snowball":424,"minecraft:cobblestone":144,"minecraft:birch_log":7,"minecraft:enchanting_table":1,"minecraft:magma_block":1,"minecraft:dune_armor_trim_smithing_template":2,"minecraft:feather":3,"minecraft:lilac":3,"born_in_chaos_v1:spiritual_dust":1,"minecraft:brown_wool":1,"minecraft:flint":1,"minecraft:smooth_sandstone_stairs":8,"create:raw_zinc":20,"supplementaries:flax_seeds":11,"farmersdelight:cooked_bacon":12,"jeg:scrap":13,"skilltree:gem":8,"minecraft:dirt":239,"minecraft:lantern":1,"minecraft:polished_granite":26,"brewery:hops_seeds":4,"born_in_chaos_v1:monster_skin":5,"minecraft:leather_boots":1,"minecraft:bone":62,"tetra:scroll_rolled":7,"minecraft:hanging_roots":23,"minecraft:stonecutter":1,"minecraft:wheat_seeds":42,"minecraft:grindstone":1,"minecraft:oak_planks":29,"minecraft:cooked_porkchop":4,"minecraft:poisonous_potato":1,"rpgsmw:steel_assassin_armour_boots":1,"minecraft:jungle_planks":11,"minecraft:sand":102,"minecraft:stripped_spruce_log":1,"minecraft:diamond_block":8,"minecraft:chiseled_sandstone":9,"minecraft:dark_oak_log":7,"minecraft:barrel":1,"farmersdelight:cooked_mutton_chops":10,"minecraft:dark_prismarine":37,"beachparty:rubber_ring_pelican":1,"minecraft:blue_terracotta":3,"minecraft:sugar":3,"born_in_chaos_v1:fire_dust":1,"minecraft:light_blue_terracotta":2,"minecraft:miner_pottery_sherd":2,"minecraft:polished_blackstone_button":1,"minecraft:bone_meal":1,"minecraft:spruce_sign":1,"minecraft:bread":26,"minecraft:emerald":1,"alexsmobs:maggot":1,"minecraft:bricks":2,"minecraft:end_stone_bricks":3,"minecraft:charcoal":14,"minecraft:mud":1,"minecraft:crafting_table":7,"minecraft:sandstone_slab":2,"minecraft:nether_wart":2,"minecraft:ladder":2,"born_in_chaos_v1:seedof_chaos":3,"minecraft:gold_block":11,"jeg:scrap_workbench":1,"minecraft:brick":16,"rpgsmw:steel_mage_armor_leggings":1,"minecraft:iron_axe":2,"born_in_chaos_v1:intoxicating_decoction":2,"rpgsmw:steel_assassin_armour_chestplate":1,"minecraft:cyan_carpet":1,"farmersdelight:beef_patty":26,"minecraft:cartography_table":1,"minecraft:netherite_sword":1,"minecraft:beef":11,"born_in_chaos_v1:gnawed_bones":1,"minecraft:player_head":2,"minecraft:observer":1,"minecraft:lectern":1,"minecraft:chest":2,"minecraft:phantom_membrane":2,"minecraft:egg":2,"minecraft:raw_iron":14,"minecraft:stripped_crimson_hyphae":2,"minecraft:sandstone":85,"minecraft:stone":1,"minecraft:bowl":1,"minecraft:skull_pottery_sherd":2,"born_in_chaos_v1:pieceofdarkmetal":18,"minecraft:carrot":1,"minecraft:redstone":1,"minecraft:purple_terracotta":4,"minecraft:arrow":27,"minecraft:decorated_pot":5,"minecraft:peony":1,"minecraft:hay_block":5,"minecraft:polished_blackstone":1,"minecraft:brick_stairs":1,"minecraft:mutton":5,"minecraft:skeleton_skull":1,"minecraft:white_wool":8,"born_in_chaos_v1:corpse_maggot":23,"born_in_chaos_v1:monster_flesh":3,"minecraft:cut_sandstone":53,"minecraft:leather":9,"born_in_chaos_v1:shell_mace":1,"minecraft:birch_planks":2,"minecraft:oak_log":2,"scalinghealth:bandages":2,"minecraft:yellow_bed":1,"minecraft:gunpowder":14,"scalinghealth:heart_crystal":6,"minecraft:cooked_mutton":4,"minecraft:smooth_sandstone":19,"rpgsmw:steel_assassin_armour_leggings":1,"minecraft:gray_carpet":1,"minecraft:iron_ingot":6,"scalinghealth:power_crystal_shard":22,"minecraft:glass_bottle":5,"jeg:double_barrel_shotgun":1,"rpgsmw:steel_mage_armor_chestplate":1,"jeg:tech_trash":1,"minecraft:book":180,"minecraft:scaffolding":7,"scalinghealth:heart_crystal_shard":26,"minecraft:warped_fungus":3,"minecraft:emerald_block":2,"minecraft:sweet_berries":65,"born_in_chaos_v1:orbofthe_summoner":1,"born_in_chaos_v1:ethereal_spirit":9,"born_in_chaos_v1:dark_rod":5,"minecraft:spruce_sapling":8,"minecraft:blast_furnace":2,"minecraft:white_bed":2,"minecraft:spruce_log":328,"minecraft:spider_eye":1,"minecraft:spruce_door":1,"minecraft:oak_wood":8,"minecraft:slime_ball":15,"born_in_chaos_v1:pile_of_skulls":1,"minecraft:birch_sign":23,"minecraft:gray_wool":1,"minecraft:coal":94,"minecraft:ender_pearl":2},"minecraft:killed_by":{"minecraft:vex":1},"minecraft:custom":{"minecraft:interact_with_crafting_table":72,"minecraft:open_barrel":87,"minecraft:eat_cake_slice":4,"minecraft:leave_game":3,"minecraft:time_since_death":64308,"minecraft:sprint_one_cm":851485,"minecraft:damage_blocked_by_shield":374,"minecraft:drop":42,"minecraft:talked_to_villager":1,"minecraft:play_time":430300,"minecraft:deaths":11,"minecraft:jump":3913,"minecraft:interact_with_brewingstand":3,"minecraft:walk_on_water_one_cm":23117,"minecraft:interact_with_furnace":18,"minecraft:interact_with_cartography_table":1,"minecraft:interact_with_loom":1,"minecraft:sleep_in_bed":1,"minecraft:damage_dealt":37772,"minecraft:crouch_one_cm":24792,"minecraft:inspect_dispenser":1,"minecraft:interact_with_anvil":13,"minecraft:mob_kills":201,"minecraft:damage_dealt_resisted":5814,"minecraft:climb_one_cm":11101,"minecraft:walk_one_cm":1177797,"minecraft:sneak_time":8466,"minecraft:walk_under_water_one_cm":10840,"minecraft:interact_with_blast_furnace":6,"minecraft:total_world_time":430300,"minecraft:interact_with_stonecutter":2,"minecraft:time_since_rest":64358,"minecraft:damage_taken":16530,"minecraft:trigger_trapped_chest":1,"minecraft:swim_one_cm":29128,"minecraft:fly_one_cm":722437,"minecraft:open_chest":324,"minecraft:fall_one_cm":135675},"minecraft:broken":{"minecraft:iron_shovel":1,"minecraft:iron_boots":1,"minecraft:iron_leggings":1,"minecraft:stone_axe":1,"minecraft:stone_shovel":3,"minecraft:iron_axe":3,"minecraft:leather_boots":1,"minecraft:iron_pickaxe":1},"minecraft:dropped":{"minecraft:diamond":64,"farmersdelight:cooked_bacon":23,"minecraft:leather":4,"rpgsmw:steel_mage_armor_leggings":1,"minecraft:snowball":151,"minecraft:bone":1,"minecraft:netherite_sword":1,"beachparty:rubber_ring_axolotl":1,"minecraft:poppy":1,"minecraft:arrow":4,"minecraft:bread":1,"minecraft:enchanted_book":1,"minecraft:lilac":2,"rpgsmw:steel_mage_armor_chestplate":1,"minecraft:iron_axe":1,"minecraft:sweet_berries":1,"minecraft:iron_boots":1,"minecraft:lily_of_the_valley":1,"minecraft:peony":1,"minecraft:spruce_planks":1,"minecraft:iron_chestplate":1,"minecraft:blue_orchid":1},"minecraft:killed":{"born_in_chaos_v1:zombie_clown":2,"minecraft:cave_spider":2,"born_in_chaos_v1:zombie_lumberjack":3,"born_in_chaos_v1:restless_spirit":4,"born_in_chaos_v1:baby_skeleton_minion":3,"minecraft:skeleton":10,"born_in_chaos_v1:supreme_bonescaller_stage_2":1,"born_in_chaos_v1:firelight_not_despawn":1,"born_in_chaos_v1:bonescaller":2,"minecraft:pig":3,"minecraft:zombie_villager":1,"minecraft:sheep":4,"minecraft:zombie":17,"born_in_chaos_v1:dread_hound":1,"born_in_chaos_v1:corpse_fly":7,"alexsmobs:jerboa":1,"minecraft:cow":7,"born_in_chaos_v1:missioner":1,"born_in_chaos_v1:zombie_clown_not_despawn":1,"alexsmobs:seagull":1,"born_in_chaos_v1:skeleton_thrasher_not_despawn":1,"minecraft:slime":25,"born_in_chaos_v1:zombie_bruiser":1,"born_in_chaos_v1:maggot":18,"minecraft:phantom":5,"minecraft:horse":5,"born_in_chaos_v1:spiritof_chaos":1,"minecraft:husk":16,"born_in_chaos_v1:bone_imp_minion":6,"born_in_chaos_v1:baby_skeleton":3,"born_in_chaos_v1:decrepit_skeleton":8,"born_in_chaos_v1:bloody_gadfly":1,"born_in_chaos_v1:dark_vortex":3,"born_in_chaos_v1:nightmare_stalker":1,"alexsmobs:crow":1,"minecraft:wither_skeleton":6,"minecraft:enderman":3},"minecraft:mined":{"create:deepslate_zinc_ore":4,"minecraft:spruce_planks":107,"minecraft:white_bed":2,"minecraft:brewing_stand":2,"minecraft:stripped_crimson_hyphae":2,"minecraft:grass_block":220,"born_in_chaos_v1:pile_of_skulls":1,"minecraft:spawner":19,"minecraft:magma_block":1,"minecraft:fire":2,"minecraft:iron_ore":8,"minecraft:barrel":1,"minecraft:anvil":2,"minecraft:enchanting_table":1,"minecraft:azalea_leaves":1,"minecraft:end_stone_bricks":3,"minecraft:player_head":2,"minecraft:sandstone_slab":2,"minecraft:cut_sandstone":31,"brewery:wild_hops":2,"tetra:scroll_rolled":2,"minecraft:torch":3,"minecraft:blast_furnace":2,"minecraft:cobblestone":4,"minecraft:grindstone":1,"minecraft:oak_planks":29,"minecraft:bricks":2,"minecraft:skeleton_skull":1,"minecraft:light_blue_terracotta":2,"minecraft:blue_terracotta":3,"minecraft:warped_planks":2,"minecraft:birch_log":2,"minecraft:lilac":1,"minecraft:grass":188,"minecraft:sand":102,"minecraft:dirt":50,"minecraft:crimson_planks":1,"minecraft:stonecutter":1,"minecraft:deepslate":9,"minecraft:emerald_block":2,"create:zinc_ore":17,"minecraft:dark_prismarine":38,"minecraft:purple_terracotta":5,"minecraft:decorated_pot":9,"minecraft:jungle_planks":11,"minecraft:brick_stairs":1,"minecraft:redstone_wire":1,"minecraft:spruce_leaves":1,"minecraft:cartography_table":1,"born_in_chaos_v1:gnawed_bones":1,"minecraft:sandstone":66,"minecraft:hay_block":5,"minecraft:furnace":8,"minecraft:chiseled_sandstone":2,"minecraft:snow":344,"minecraft:diamond_block":8,"treechop:chopped_log":266,"minecraft:gold_block":11,"minecraft:bookshelf":62,"minecraft:deepslate_iron_ore":6,"minecraft:stone":126,"minecraft:glass_pane":5,"jeg:scrap_ore":3,"minecraft:observer":1,"minecraft:spruce_door":1,"minecraft:polished_granite":28,"minecraft:smooth_sandstone":16,"minecraft:crafting_table":7,"minecraft:oak_wood":9,"minecraft:lectern":1,"minecraft:campfire":1,"minecraft:tall_grass":98,"minecraft:deepslate_coal_ore":8,"minecraft:spruce_stairs":28,"minecraft:cactus":1,"jeg:deepslate_scrap_ore":5,"minecraft:birch_planks":2,"jeg:scrap_workbench":1,"minecraft:sweet_berry_bush":32,"minecraft:spruce_log":77,"minecraft:yellow_bed":1,"minecraft:coal_ore":40,"minecraft:mycelium":3,"minecraft:zombie_head":1,"minecraft:flower_pot":1,"minecraft:gray_carpet":1,"minecraft:cobweb":6,"minecraft:polished_blackstone":1,"minecraft:deepslate_emerald_ore":1}},"DataVersion":3465}