{"stats":{"minecraft:crafted":{"minecraft:oak_planks":140,"minecraft:diamond_shovel":1,"minecraft:cooked_mutton":19,"minecraft:diamond_leggings":1,"minecraft:iron_boots":2,"sophisticatedbackpacks:copper_backpack":1,"minecraft:chest":5,"minecraft:smoker":3,"minecraft:diamond_axe":1,"minecraft:crafting_table":2,"minecraft:spruce_planks":16,"minecraft:wooden_pickaxe":1,"minecraft:iron_chestplate":1,"minecraft:diamond_pickaxe":1,"minecraft:stick":64,"minecraft:iron_ingot":17,"minecraft:iron_pickaxe":2,"minecraft:iron_block":2,"minecraft:stone_sword":1,"minecraft:stone_shovel":1,"minecraft:coal":27,"minecraft:iron_axe":1,"minecraft:stone_pickaxe":3,"minecraft:wheat":234,"sophisticatedbackpacks:iron_backpack":4,"minecraft:cooked_beef":15,"minecraft:iron_sword":2,"minecraft:mangrove_planks":8,"minecraft:stone_axe":1,"minecraft:bread":78,"minecraft:air":0,"minecraft:iron_leggings":2,"minecraft:acacia_planks":24,"minecraft:torch":96},"minecraft:broken":{"minecraft:iron_boots":1,"minecraft:stone_pickaxe":2,"minecraft:stone_axe":1,"minecraft:iron_sword":1,"minecraft:stone_shovel":1,"minecraft:iron_axe":1,"minecraft:iron_pickaxe":1},"minecraft:custom":{"minecraft:interact_with_crafting_table":47,"minecraft:open_barrel":73,"minecraft:bell_ring":6,"minecraft:eat_cake_slice":15,"minecraft:leave_game":1,"minecraft:time_since_death":42884,"minecraft:damage_resisted":16,"minecraft:sprint_one_cm":684954,"minecraft:damage_blocked_by_shield":1490,"minecraft:drop":6,"minecraft:play_noteblock":5,"minecraft:talked_to_villager":1,"minecraft:play_time":374499,"minecraft:deaths":7,"minecraft:interact_with_brewingstand":1,"minecraft:jump":3890,"minecraft:walk_on_water_one_cm":39441,"minecraft:sleep_in_bed":6,"minecraft:damage_dealt":47323,"minecraft:crouch_one_cm":13279,"minecraft:interact_with_smoker":26,"minecraft:interact_with_anvil":7,"minecraft:mob_kills":178,"minecraft:damage_dealt_resisted":1120,"minecraft:climb_one_cm":16964,"minecraft:walk_one_cm":767816,"minecraft:sneak_time":7850,"minecraft:walk_under_water_one_cm":7087,"minecraft:interact_with_blast_furnace":9,"minecraft:total_world_time":374499,"minecraft:time_since_rest":28776,"minecraft:damage_taken":13114,"minecraft:swim_one_cm":38372,"minecraft:fly_one_cm":694862,"minecraft:open_chest":235,"minecraft:fall_one_cm":124501},"minecraft:killed":{"born_in_chaos_v1:lifestealer_true_form":1,"born_in_chaos_v1:zombie_clown":1,"minecraft:cave_spider":8,"born_in_chaos_v1:restless_spirit":1,"born_in_chaos_v1:door_knight_not_despawn":1,"born_in_chaos_v1:pumpkin_spirit":1,"minecraft:spider":2,"minecraft:skeleton":35,"minecraft:chicken":1,"minecraft:silverfish":2,"faded_conquest_2:mimic":4,"minecraft:sheep":10,"minecraft:zombie":17,"born_in_chaos_v1:corpse_fly":3,"alexsmobs:fly":2,"minecraft:cow":9,"alexsmobs:raccoon":1,"alexsmobs:seagull":1,"born_in_chaos_v1:maggot":5,"minecraft:phantom":1,"minecraft:horse":5,"faded_conquest_2:doomharbor_lich":1,"born_in_chaos_v1:spiritof_chaos":1,"minecraft:husk":4,"faded_conquest_2:the_plauge_bringer":1,"born_in_chaos_v1:baby_skeleton":1,"minecraft:frog":10,"minecraft:hoglin":12,"born_in_chaos_v1:decrepit_skeleton":6,"born_in_chaos_v1:bloody_gadfly":2,"faded_conquest_2:infested":2,"minecraft:wither_skeleton":17,"minecraft:enderman":1},"minecraft:picked_up":{"minecraft:birch_door":1,"minecraft:wheat":1,"minecraft:flower_pot":5,"minecraft:suspicious_stew":1,"minecraft:enchanted_book":1,"minecraft:wither_rose":1,"minecraft:potion":5,"minecraft:stone_brick_stairs":1,"born_in_chaos_v1:bloody_gadfly_eye":1,"minecraft:brewing_stand":5,"minecraft:string":35,"minecraft:dark_oak_trapdoor":1,"minecraft:waxed_cut_copper_slab":1,"minecraft:raw_copper":44,"minecraft:cooked_salmon":5,"minecraft:smooth_stone_slab":1,"minecraft:red_nether_bricks":4,"minecraft:armor_stand":3,"minecraft:experience_bottle":16,"minecraft:deepslate_tiles":6,"minecraft:gold_nugget":1,"minecraft:bucket":1,"minecraft:spruce_planks":15,"minecraft:calcite":57,"alexsmobs:raccoon_tail":1,"minecraft:enchanted_golden_apple":1,"minecraft:deepslate_tile_wall":1,"born_in_chaos_v1:stimulating_decoction":3,"minecraft:melon_slice":15,"minecraft:coal_block":7,"minecraft:furnace":5,"minecraft:beehive":1,"minecraft:stick":39,"minecraft:jukebox":1,"minecraft:polished_deepslate_stairs":1,"born_in_chaos_v1:phantom_powder":2,"minecraft:torch":23,"minecraft:spruce_stairs":8,"minecraft:porkchop":37,"minecraft:diorite":9,"minecraft:golden_chestplate":3,"minecraft:stone_sword":2,"minecraft:honey_bottle":1,"minecraft:rotten_flesh":36,"farmersdelight:onion":3,"minecraft:polished_basalt":3,"gamma_beasts:kiwi":2,"faded_conquest_2:skull_pile":8,"create:asurine":22,"minecraft:cyan_terracotta":1,"alexsmobs:emu_egg":2,"create:veridium":1,"farmersdelight:rope":36,"gamma_beasts:coal_nugget":16,"minecraft:obsidian":2,"minecraft:iron_bars":2,"minecraft:snowball":22,"minecraft:cobblestone":390,"minecraft:enchanting_table":1,"minecraft:magma_block":5,"minecraft:feather":2,"minecraft:cooked_beef":1,"minecraft:repeater":2,"farmersdelight:rice":2,"minecraft:iron_door":2,"minecraft:andesite":4,"minecraft:potato":1,"minecraft:flint":5,"minecraft:wither_skeleton_skull":2,"skilltree:gem":13,"minecraft:lapis_lazuli":21,"minecraft:mangrove_slab":8,"minecraft:dirt":227,"faded_conquest_2:keyof_pestilence":2,"born_in_chaos_v1:monster_skin":1,"minecraft:leather_boots":3,"tetra:scroll_rolled":3,"minecraft:bone":81,"minecraft:acacia_planks":3,"minecraft:stonecutter":1,"minecraft:bow":3,"minecraft:wheat_seeds":12,"minecraft:bell":2,"minecraft:grindstone":1,"minecraft:cyan_candle":3,"minecraft:rabbit":1,"minecraft:bamboo":5,"minecraft:oak_planks":25,"minecraft:sand":3,"alexsmobs:animal_dictionary":2,"minecraft:dark_prismarine":15,"minecraft:dark_prismarine_slab":1,"minecraft:stripped_acacia_log":7,"minecraft:polished_andesite":3,"minecraft:diamond":58,"minecraft:slime_block":1,"minecraft:crossbow":4,"minecraft:spruce_sign":6,"minecraft:golden_apple":15,"minecraft:golden_horse_armor":2,"minecraft:emerald":41,"minecraft:bread":12,"alexsmobs:maggot":4,"minecraft:oak_sapling":44,"minecraft:netherrack":2,"minecraft:crafting_table":11,"minecraft:chicken":1,"minecraft:leather_leggings":1,"minecraft:rabbit_stew":1,"minecraft:chest_minecart":1,"born_in_chaos_v1:seedof_chaos":5,"minecraft:wooden_pickaxe":1,"minecraft:cooked_rabbit":3,"minecraft:gold_block":1,"minecraft:brick":4,"minecraft:shield":3,"minecraft:cornflower":1,"minecraft:iron_axe":1,"minecraft:wooden_sword":1,"gamma_beasts:acacia_leaf":2,"minecraft:flint_and_steel":1,"minecraft:netherite_scrap":2,"born_in_chaos_v1:intoxicating_decoction":1,"faded_conquest_2:key_of_death":1,"minecraft:blackstone":13,"minecraft:cyan_carpet":6,"minecraft:cartography_table":1,"minecraft:netherite_sword":2,"minecraft:beef":18,"scalinghealth:chance_heart":1,"born_in_chaos_v1:gnawed_bones":1,"minecraft:player_head":6,"minecraft:iron_nugget":9,"minecraft:spruce_slab":7,"minecraft:lectern":2,"supplementaries:rope":14,"minecraft:chest":19,"minecraft:birch_sapling":1,"minecraft:spruce_trapdoor":3,"minecraft:piston":2,"minecraft:egg":2,"minecraft:raw_iron":22,"minecraft:stripped_mangrove_wood":7,"minecraft:note_block":3,"minecraft:spruce_fence":1,"farmersdelight:tomato_seeds":3,"minecraft:stone_button":1,"born_in_chaos_v1:pieceofdarkmetal":8,"minecraft:carrot":11,"minecraft:redstone":9,"minecraft:prismarine_crystals":5,"minecraft:dark_oak_planks":25,"minecraft:tnt":3,"minecraft:arrow":67,"minecraft:stone_shovel":2,"minecraft:diamond_chestplate":1,"minecraft:cooked_cod":2,"minecraft:decorated_pot":6,"minecraft:beetroot_seeds":2,"minecraft:pumpkin_pie":3,"minecraft:deepslate_bricks":6,"minecraft:hay_block":16,"minecraft:stripped_dark_oak_wood":3,"minecraft:gold_ingot":49,"minecraft:saddle":1,"minecraft:glistering_melon_slice":6,"minecraft:black_banner":1,"scalinghealth:power_crystal":1,"minecraft:glow_berries":3,"minecraft:mutton":19,"minecraft:rail":13,"minecraft:skeleton_skull":7,"minecraft:white_wool":10,"minecraft:netherite_boots":1,"born_in_chaos_v1:corpse_maggot":14,"born_in_chaos_v1:monster_flesh":1,"minecraft:tripwire_hook":5,"minecraft:leather":19,"minecraft:red_mushroom":3,"minecraft:acacia_wood":4,"minecraft:birch_planks":2,"minecraft:torchflower":1,"minecraft:mushroom_stew":2,"minecraft:oak_log":107,"scalinghealth:bandages":1,"minecraft:yellow_bed":1,"minecraft:gunpowder":1,"scalinghealth:heart_crystal":6,"minecraft:paper":16,"minecraft:white_banner":1,"minecraft:cooked_mutton":3,"minecraft:apple":11,"minecraft:stone_bricks":5,"minecraft:heart_of_the_sea":1,"minecraft:iron_ingot":49,"minecraft:stone_pickaxe":2,"minecraft:cobweb":19,"scalinghealth:power_crystal_shard":10,"beachparty:overgrown_disc":2,"minecraft:iron_sword":4,"minecraft:flowering_azalea":2,"minecraft:dark_oak_stairs":1,"minecraft:book":33,"scalinghealth:heart_crystal_shard":12,"minecraft:emerald_block":26,"minecraft:sweet_berries":3,"minecraft:chiseled_stone_bricks":1,"born_in_chaos_v1:lifestealer_bone":5,"born_in_chaos_v1:ethereal_spirit":4,"minecraft:gravel":55,"minecraft:birch_stairs":1,"minecraft:amethyst_shard":2,"minecraft:blast_furnace":11,"minecraft:white_bed":1,"minecraft:spruce_log":4,"minecraft:crying_obsidian":2,"minecraft:spider_eye":6,"minecraft:leather_helmet":1,"born_in_chaos_v1:pile_of_skulls":1,"minecraft:stone_axe":2,"hauntedharvest:rotten_apple":1,"minecraft:painting":6,"minecraft:warped_roots":1,"minecraft:baked_potato":1,"minecraft:damaged_anvil":3,"minecraft:coal":89},"minecraft:mined":{"minecraft:dark_oak_planks":15,"minecraft:waxed_cut_copper_slab":1,"minecraft:spruce_planks":1,"minecraft:white_bed":1,"minecraft:red_nether_bricks":4,"minecraft:brewing_stand":5,"minecraft:spruce_trapdoor":3,"faded_conquest_2:toxic_lantern":1,"minecraft:deepslate_tile_wall":1,"minecraft:grass_block":107,"minecraft:deepslate_bricks":6,"minecraft:coal_block":7,"born_in_chaos_v1:pile_of_skulls":1,"minecraft:chiseled_stone_bricks":1,"minecraft:spawner":19,"minecraft:magma_block":5,"minecraft:dark_oak_trapdoor":1,"minecraft:iron_ore":22,"minecraft:stripped_dark_oak_wood":2,"minecraft:enchanting_table":1,"minecraft:dark_oak_stairs":1,"create:asurine":24,"minecraft:iron_bars":2,"minecraft:stripped_mangrove_wood":7,"create:veridium":1,"minecraft:player_head":3,"minecraft:spruce_slab":6,"minecraft:cyan_terracotta":3,"minecraft:blackstone":14,"minecraft:polished_deepslate_stairs":1,"faded_conquest_2:skull_pile":8,"minecraft:note_block":3,"minecraft:blast_furnace":11,"minecraft:calcite":55,"minecraft:melon":4,"minecraft:potted_warped_roots":1,"minecraft:chest":18,"minecraft:spruce_wall_sign":3,"minecraft:cobblestone":28,"minecraft:slime_block":1,"minecraft:oak_planks":7,"minecraft:grindstone":1,"minecraft:damaged_anvil":3,"minecraft:iron_door":2,"minecraft:skeleton_skull":7,"minecraft:repeater":1,"minecraft:dark_oak_slab":2,"minecraft:light_gray_stained_glass":2,"minecraft:jukebox":1,"minecraft:stone_brick_stairs":1,"minecraft:smooth_stone_slab":1,"minecraft:grass":8,"minecraft:oak_log":42,"minecraft:sand":6,"minecraft:dirt":37,"minecraft:tripwire_hook":5,"minecraft:stonecutter":1,"minecraft:netherrack":2,"minecraft:piston":1,"minecraft:oak_leaves":12,"minecraft:cyan_candle":1,"minecraft:deepslate_tiles":7,"minecraft:dark_prismarine":16,"minecraft:crying_obsidian":2,"minecraft:tuff":5,"minecraft:potted_wither_rose":1,"minecraft:potted_flowering_azalea_bush":2,"minecraft:spruce_fence":1,"minecraft:decorated_pot":7,"minecraft:cartography_table":1,"born_in_chaos_v1:gnawed_bones":1,"minecraft:hay_block":16,"minecraft:black_stained_glass_pane":2,"minecraft:furnace":5,"minecraft:polished_basalt":3,"minecraft:potted_torchflower":1,"minecraft:snow":1,"minecraft:acacia_wood":3,"minecraft:andesite":4,"treechop:chopped_log":62,"minecraft:gold_block":1,"minecraft:bell":2,"gamma_beasts:acacia_hoja":1,"minecraft:bookshelf":10,"minecraft:shroomlight":1,"minecraft:stripped_acacia_log":6,"minecraft:stone":360,"minecraft:cake":1,"minecraft:birch_stairs":1,"gamma_beasts:acacia_hoja_1":2,"minecraft:crafting_table":10,"minecraft:cornflower":1,"faded_conquest_2:ominous_skull":1,"minecraft:lectern":2,"minecraft:copper_ore":14,"minecraft:tall_grass":2,"minecraft:diorite":7,"minecraft:spruce_stairs":10,"minecraft:birch_planks":2,"minecraft:beehive":1,"minecraft:sweet_berry_bush":2,"minecraft:black_wall_banner":1,"minecraft:spruce_log":3,"minecraft:birch_leaves":2,"minecraft:white_wall_banner":1,"minecraft:yellow_bed":2,"minecraft:dark_prismarine_slab":1,"minecraft:mangrove_slab":6,"minecraft:coal_ore":58,"minecraft:cyan_carpet":3,"minecraft:gravel":50,"minecraft:cobweb":23,"minecraft:acacia_planks":3,"minecraft:stone_bricks":5,"minecraft:polished_andesite":3},"minecraft:dropped":{"minecraft:crossbow":1,"minecraft:stripped_dark_oak_wood":1,"faded_conquest_2:keyof_pestilence":1,"minecraft:spruce_slab":1,"minecraft:potion":1,"minecraft:string":1},"minecraft:used":{"minecraft:polished_basalt":1,"minecraft:chest":14,"minecraft:shield":23,"minecraft:iron_sword":647,"minecraft:bell":1,"minecraft:carrot":2,"minecraft:stone_bricks":3,"minecraft:magma_block":1,"minecraft:furnace":2,"minecraft:damaged_anvil":2,"minecraft:stone_pickaxe":353,"minecraft:oak_planks":71,"minecraft:wooden_pickaxe":10,"minecraft:diamond_axe":97,"minecraft:sand":3,"minecraft:mushroom_stew":3,"minecraft:blast_furnace":4,"minecraft:bread":45,"minecraft:gravel":30,"minecraft:wooden_sword":13,"minecraft:smooth_stone_slab":1,"minecraft:cobweb":8,"minecraft:stone_sword":121,"minecraft:flint_and_steel":1,"minecraft:stone_shovel":206,"minecraft:torch":156,"minecraft:dirt":231,"scalinghealth:heart_crystal":8,"minecraft:dark_oak_planks":8,"minecraft:iron_axe":176,"scalinghealth:power_crystal":1,"minecraft:golden_carrot":1,"minecraft:acacia_wood":3,"minecraft:cooked_beef":15,"minecraft:acacia_planks":19,"minecraft:calcite":31,"minecraft:cooked_mutton":20,"minecraft:water_bucket":5,"minecraft:birch_planks":1,"minecraft:baked_potato":1,"scalinghealth:chance_heart":4,"minecraft:crafting_table":10,"minecraft:tnt":1,"minecraft:white_bed":2,"minecraft:smoker":3,"minecraft:cake":1,"minecraft:oak_log":2,"minecraft:dark_prismarine":3,"minecraft:diamond_pickaxe":40,"minecraft:iron_pickaxe":349,"minecraft:stone_axe":229,"minecraft:cobblestone":209,"minecraft:bucket":4,"minecraft:yellow_bed":1,"minecraft:pumpkin_pie":12}},"DataVersion":3465}