{"stats":{"minecraft:crafted":{"minecraft:oak_planks":140,"minecraft:diamond_shovel":1,"minecraft:cooked_mutton":19,"minecraft:diamond_leggings":1,"minecraft:iron_boots":2,"sophisticatedbackpacks:copper_backpack":1,"minecraft:chest":5,"minecraft:smoker":3,"minecraft:diamond_axe":1,"minecraft:crafting_table":2,"minecraft:spruce_planks":16,"minecraft:wooden_pickaxe":1,"minecraft:gold_block":10,"minecraft:tnt":4,"minecraft:iron_chestplate":1,"minecraft:emerald_block":17,"minecraft:diamond_pickaxe":1,"sophisticatedbackpacks:diamond_backpack":1,"minecraft:stick":64,"minecraft:iron_ingot":17,"minecraft:iron_pickaxe":2,"minecraft:iron_block":9,"minecraft:stone_sword":1,"minecraft:gold_ingot":27,"minecraft:netherite_ingot":2,"minecraft:stone_shovel":1,"minecraft:coal":27,"minecraft:iron_axe":1,"minecraft:stone_pickaxe":3,"sophisticatedbackpacks:iron_backpack":4,"minecraft:wheat":234,"minecraft:cooked_beef":15,"minecraft:iron_sword":2,"sophisticatedbackpacks:gold_backpack":1,"minecraft:mangrove_planks":8,"minecraft:bucket":2,"minecraft:stone_axe":1,"minecraft:bread":78,"minecraft:air":0,"minecraft:iron_leggings":2,"minecraft:acacia_planks":88,"minecraft:torch":248},"minecraft:broken":{"minecraft:iron_boots":1,"minecraft:stone_pickaxe":2,"minecraft:stone_axe":1,"minecraft:iron_sword":1,"minecraft:stone_shovel":1,"minecraft:diamond_chestplate":1,"minecraft:diamond_leggings":1,"minecraft:iron_axe":1,"minecraft:iron_pickaxe":1,"minecraft:iron_helmet":2},"minecraft:custom":{"minecraft:open_barrel":98,"minecraft:interact_with_crafting_table":60,"minecraft:bell_ring":8,"minecraft:eat_cake_slice":19,"minecraft:leave_game":5,"minecraft:time_since_death":30650,"minecraft:damage_resisted":16,"minecraft:sprint_one_cm":1001308,"minecraft:damage_blocked_by_shield":1490,"minecraft:drop":14,"minecraft:play_noteblock":5,"minecraft:talked_to_villager":1,"minecraft:play_time":559583,"minecraft:deaths":11,"minecraft:jump":5631,"minecraft:interact_with_brewingstand":1,"minecraft:walk_on_water_one_cm":61493,"minecraft:interact_with_furnace":1,"minecraft:interact_with_loom":1,"minecraft:sleep_in_bed":10,"minecraft:damage_dealt":85498,"minecraft:crouch_one_cm":19320,"minecraft:interact_with_smoker":37,"minecraft:interact_with_anvil":7,"minecraft:mob_kills":335,"minecraft:damage_dealt_resisted":4552,"minecraft:climb_one_cm":22739,"minecraft:walk_one_cm":1224850,"minecraft:sneak_time":11740,"minecraft:walk_under_water_one_cm":18474,"minecraft:interact_with_blast_furnace":14,"minecraft:total_world_time":559583,"minecraft:time_since_rest":30700,"minecraft:damage_taken":23318,"minecraft:damage_absorbed":208,"minecraft:swim_one_cm":47357,"minecraft:fly_one_cm":1066076,"minecraft:open_chest":380,"minecraft:fall_one_cm":200080},"minecraft:killed":{"born_in_chaos_v1:lifestealer_true_form":1,"born_in_chaos_v1:zombie_clown":3,"minecraft:cave_spider":13,"born_in_chaos_v1:restless_spirit":1,"born_in_chaos_v1:door_knight_not_despawn":1,"born_in_chaos_v1:pumpkin_spirit":1,"minecraft:spider":4,"born_in_chaos_v1:siamese_skeletonsright":1,"born_in_chaos_v1:baby_skeleton_minion":4,"born_in_chaos_v1:scarlet_persecutor":4,"minecraft:skeleton":48,"minecraft:chicken":2,"minecraft:silverfish":2,"born_in_chaos_v1:supreme_bonescaller_stage_2":1,"faded_conquest_2:mimic":4,"born_in_chaos_v1:firelight_not_despawn":2,"minecraft:pig":4,"minecraft:creeper":5,"minecraft:sheep":10,"minecraft:zombie":36,"born_in_chaos_v1:corpse_fly":9,"minecraft:stray":1,"alexsmobs:fly":2,"born_in_chaos_v1:siamese_skeletonsleft":1,"minecraft:cow":10,"alexsmobs:jerboa":1,"alexsmobs:raccoon":1,"alexsmobs:seagull":1,"minecraft:slime":3,"born_in_chaos_v1:maggot":14,"minecraft:phantom":2,"minecraft:horse":6,"faded_conquest_2:doomharbor_lich":1,"born_in_chaos_v1:siamese_skeletons":1,"born_in_chaos_v1:spiritof_chaos":2,"minecraft:husk":21,"alexsmobs:guster":3,"faded_conquest_2:the_plauge_bringer":1,"born_in_chaos_v1:bone_imp_minion":9,"born_in_chaos_v1:baby_skeleton":3,"born_in_chaos_v1:spirit_guide_assistant":2,"minecraft:bat":1,"minecraft:frog":10,"minecraft:hoglin":17,"born_in_chaos_v1:decrepit_skeleton":13,"born_in_chaos_v1:bloody_gadfly":2,"born_in_chaos_v1:bonescaller_not_despawn":2,"faded_conquest_2:infested":2,"born_in_chaos_v1:dark_vortex":1,"minecraft:wither_skeleton":31,"minecraft:enderman":1},"minecraft:picked_up":{"minecraft:birch_door":1,"minecraft:wheat":1,"minecraft:anvil":2,"minecraft:suspicious_stew":1,"minecraft:flower_pot":6,"minecraft:smithing_table":1,"minecraft:enchanted_book":1,"minecraft:wither_rose":1,"minecraft:potion":5,"minecraft:stone_brick_stairs":1,"born_in_chaos_v1:bloody_gadfly_eye":1,"minecraft:brewing_stand":5,"born_in_chaos_v1:dark_upgrade":1,"minecraft:string":44,"minecraft:dark_oak_trapdoor":1,"minecraft:waxed_cut_copper_slab":1,"minecraft:raw_copper":44,"minecraft:cooked_salmon":5,"minecraft:smooth_stone_slab":1,"minecraft:red_nether_bricks":9,"minecraft:armor_stand":8,"minecraft:experience_bottle":31,"minecraft:shroomlight":2,"minecraft:smooth_red_sandstone_slab":1,"minecraft:deepslate_tiles":6,"minecraft:gold_nugget":1,"minecraft:bucket":1,"minecraft:spruce_planks":16,"minecraft:rose_bush":1,"minecraft:redstone_torch":2,"minecraft:calcite":58,"minecraft:deepslate_tile_wall":1,"minecraft:enchanted_golden_apple":1,"alexsmobs:raccoon_tail":1,"born_in_chaos_v1:stimulating_decoction":3,"minecraft:melon_slice":15,"minecraft:coal_block":12,"minecraft:furnace":5,"minecraft:tipped_arrow":1,"minecraft:beehive":1,"minecraft:stick":39,"born_in_chaos_v1:shattered_skull":3,"minecraft:jukebox":1,"minecraft:polished_deepslate_stairs":1,"born_in_chaos_v1:phantom_powder":2,"minecraft:torch":25,"minecraft:spruce_stairs":8,"born_in_chaos_v1:pileof_dark_metal":2,"minecraft:porkchop":61,"minecraft:lightning_rod":1,"minecraft:diorite":9,"born_in_chaos_v1:nightmare_claw":1,"minecraft:golden_chestplate":6,"minecraft:stone_sword":3,"minecraft:honey_bottle":2,"minecraft:rotten_flesh":76,"farmersdelight:onion":3,"faded_conquest_2:skull_pile":8,"minecraft:polished_basalt":3,"gamma_beasts:kiwi":2,"minecraft:iron_block":1,"create:asurine":22,"minecraft:cyan_terracotta":17,"gamma_beasts:coal_nugget":16,"alexsmobs:emu_egg":2,"farmersdelight:rope":36,"create:veridium":1,"minecraft:mangrove_roots":13,"supplementaries:ash":3,"minecraft:obsidian":2,"minecraft:iron_bars":2,"minecraft:snowball":22,"minecraft:cobblestone":450,"minecraft:enchanting_table":1,"minecraft:magma_block":5,"minecraft:leather_chestplate":2,"minecraft:feather":2,"minecraft:cooked_beef":1,"minecraft:repeater":7,"farmersdelight:rice":2,"minecraft:iron_door":2,"born_in_chaos_v1:spiritual_dust":5,"minecraft:andesite":4,"minecraft:golden_leggings":1,"minecraft:smoker":1,"minecraft:potato":1,"minecraft:flint":5,"minecraft:smooth_sandstone_stairs":2,"minecraft:wither_skeleton_skull":2,"skilltree:gem":13,"minecraft:dirt":227,"minecraft:lapis_lazuli":30,"minecraft:mangrove_slab":9,"minecraft:lantern":2,"faded_conquest_2:keyof_pestilence":2,"born_in_chaos_v1:monster_skin":8,"minecraft:leather_boots":5,"minecraft:bone":147,"tetra:scroll_rolled":5,"minecraft:acacia_planks":6,"minecraft:stonecutter":1,"minecraft:bow":3,"minecraft:wheat_seeds":12,"minecraft:bell":2,"minecraft:grindstone":1,"minecraft:bamboo":5,"minecraft:fletching_table":1,"minecraft:cyan_candle":3,"minecraft:rabbit":1,"minecraft:oak_planks":25,"minecraft:poisonous_potato":1,"minecraft:sand":5,"minecraft:loom":1,"alexsmobs:animal_dictionary":2,"minecraft:dark_prismarine":24,"minecraft:dark_prismarine_slab":1,"minecraft:stripped_acacia_log":7,"minecraft:polished_andesite":3,"born_in_chaos_v1:fire_dust":2,"minecraft:diamond":79,"minecraft:slime_block":1,"minecraft:crossbow":5,"minecraft:chainmail_helmet":3,"minecraft:spruce_sign":6,"minecraft:golden_apple":32,"minecraft:bread":12,"minecraft:golden_horse_armor":2,"minecraft:emerald":81,"alexsmobs:maggot":4,"minecraft:oak_sapling":44,"minecraft:netherrack":2,"minecraft:crimson_roots":1,"minecraft:crafting_table":12,"minecraft:chicken":2,"born_in_chaos_v1:seedof_chaos":12,"minecraft:chest_minecart":1,"minecraft:leather_leggings":1,"minecraft:rabbit_stew":1,"minecraft:wooden_pickaxe":1,"minecraft:cooked_rabbit":3,"minecraft:gold_block":1,"minecraft:diamond_horse_armor":1,"minecraft:chain":2,"minecraft:shield":3,"minecraft:brick":4,"minecraft:cornflower":1,"minecraft:iron_axe":1,"gamma_beasts:acacia_leaf":2,"minecraft:wooden_sword":1,"minecraft:flint_and_steel":1,"minecraft:netherite_scrap":8,"born_in_chaos_v1:intoxicating_decoction":2,"faded_conquest_2:key_of_death":1,"minecraft:blackstone":13,"minecraft:cyan_carpet":6,"minecraft:cartography_table":1,"minecraft:netherite_sword":2,"minecraft:beef":19,"scalinghealth:chance_heart":1,"minecraft:player_head":7,"born_in_chaos_v1:gnawed_bones":1,"minecraft:iron_nugget":11,"minecraft:spruce_slab":11,"minecraft:lectern":3,"supplementaries:rope":14,"minecraft:chest":30,"minecraft:birch_sapling":1,"minecraft:spruce_trapdoor":3,"minecraft:piston":2,"minecraft:egg":2,"minecraft:sandstone":41,"minecraft:raw_iron":22,"minecraft:stripped_mangrove_wood":7,"minecraft:note_block":3,"minecraft:spruce_fence":1,"farmersdelight:tomato_seeds":3,"minecraft:stone_button":1,"born_in_chaos_v1:pieceofdarkmetal":28,"minecraft:carrot":11,"minecraft:redstone":10,"minecraft:netherite_pickaxe":1,"minecraft:prismarine_crystals":5,"minecraft:iron_horse_armor":1,"minecraft:dark_oak_planks":70,"minecraft:tnt":4,"minecraft:arrow":94,"minecraft:diamond_chestplate":1,"minecraft:stone_shovel":2,"minecraft:cooked_cod":2,"minecraft:decorated_pot":6,"minecraft:beetroot_seeds":2,"minecraft:pumpkin_pie":3,"minecraft:diamond_boots":1,"minecraft:deepslate_bricks":6,"minecraft:hay_block":16,"minecraft:stripped_dark_oak_wood":3,"minecraft:gold_ingot":120,"minecraft:black_banner":1,"minecraft:saddle":2,"minecraft:glistering_melon_slice":6,"scalinghealth:power_crystal":1,"minecraft:glow_berries":10,"minecraft:mutton":19,"minecraft:white_wool":10,"minecraft:skeleton_skull":8,"minecraft:rail":13,"born_in_chaos_v1:fused_bone":2,"born_in_chaos_v1:corpse_maggot":24,"minecraft:netherite_boots":4,"minecraft:air":0,"born_in_chaos_v1:monster_flesh":1,"minecraft:smooth_red_sandstone":1,"minecraft:tripwire_hook":5,"vinery:jungle_grape_seeds_red":2,"minecraft:leather":21,"minecraft:red_mushroom":3,"minecraft:acacia_wood":4,"minecraft:birch_planks":8,"minecraft:torchflower":1,"minecraft:mushroom_stew":2,"minecraft:oak_log":107,"scalinghealth:bandages":4,"minecraft:golden_boots":1,"minecraft:yellow_bed":1,"minecraft:gunpowder":11,"scalinghealth:heart_crystal":13,"minecraft:paper":16,"minecraft:white_banner":2,"minecraft:cooked_mutton":3,"minecraft:red_carpet":6,"minecraft:apple":11,"minecraft:stone_bricks":5,"minecraft:heart_of_the_sea":1,"minecraft:iron_ingot":101,"minecraft:stone_pickaxe":2,"minecraft:cobweb":29,"scalinghealth:power_crystal_shard":10,"beachparty:overgrown_disc":2,"supplementaries:present_magenta":2,"minecraft:iron_sword":6,"minecraft:dark_oak_stairs":5,"minecraft:flowering_azalea":2,"minecraft:book":184,"scalinghealth:heart_crystal_shard":15,"minecraft:emerald_block":35,"minecraft:sweet_berries":3,"minecraft:chiseled_stone_bricks":1,"born_in_chaos_v1:lifestealer_bone":5,"born_in_chaos_v1:orbofthe_summoner":2,"born_in_chaos_v1:ethereal_spirit":10,"minecraft:gravel":55,"minecraft:birch_stairs":4,"born_in_chaos_v1:dark_rod":2,"minecraft:amethyst_shard":2,"minecraft:blast_furnace":11,"minecraft:white_bed":1,"minecraft:spruce_log":4,"minecraft:crying_obsidian":2,"minecraft:spider_eye":6,"minecraft:leather_helmet":2,"minecraft:slime_ball":2,"minecraft:stone_axe":2,"born_in_chaos_v1:pile_of_skulls":1,"hauntedharvest:rotten_apple":1,"minecraft:honey_block":1,"minecraft:chainmail_leggings":2,"minecraft:painting":6,"minecraft:birch_sign":4,"minecraft:warped_roots":1,"minecraft:baked_potato":1,"minecraft:damaged_anvil":3,"minecraft:coal":92,"minecraft:ender_pearl":4},"minecraft:mined":{"minecraft:dark_oak_planks":17,"minecraft:waxed_cut_copper_slab":1,"minecraft:stone_pressure_plate":1,"minecraft:spruce_planks":2,"minecraft:white_bed":1,"minecraft:red_nether_bricks":9,"minecraft:brewing_stand":5,"minecraft:cave_vines_plant":4,"minecraft:spruce_trapdoor":3,"faded_conquest_2:toxic_lantern":1,"minecraft:acacia_log":4,"minecraft:deepslate_tile_wall":1,"minecraft:grass_block":108,"minecraft:deepslate_bricks":6,"minecraft:coal_block":12,"minecraft:chiseled_stone_bricks":1,"born_in_chaos_v1:pile_of_skulls":1,"minecraft:spawner":34,"minecraft:magma_block":5,"minecraft:dark_oak_trapdoor":1,"minecraft:iron_ore":22,"minecraft:fire":4,"minecraft:anvil":2,"minecraft:fletching_table":1,"minecraft:stripped_dark_oak_wood":2,"minecraft:enchanting_table":1,"minecraft:dark_oak_stairs":1,"minecraft:smooth_red_sandstone":1,"create:asurine":24,"minecraft:cave_vines":1,"minecraft:iron_bars":2,"minecraft:white_banner":1,"minecraft:stripped_mangrove_wood":7,"minecraft:iron_block":1,"create:veridium":1,"minecraft:player_head":3,"minecraft:spruce_slab":6,"minecraft:cyan_terracotta":9,"minecraft:blackstone":14,"minecraft:polished_deepslate_stairs":1,"minecraft:smoker":1,"faded_conquest_2:skull_pile":8,"minecraft:note_block":3,"minecraft:torch":1,"minecraft:blast_furnace":11,"minecraft:calcite":56,"minecraft:melon":4,"minecraft:potted_warped_roots":1,"minecraft:chest":29,"minecraft:spruce_wall_sign":3,"minecraft:cobblestone":35,"minecraft:slime_block":1,"minecraft:oak_planks":7,"minecraft:grindstone":1,"minecraft:damaged_anvil":3,"minecraft:iron_door":2,"minecraft:wall_torch":1,"minecraft:skeleton_skull":8,"minecraft:chain":2,"minecraft:repeater":6,"minecraft:dark_oak_slab":2,"minecraft:light_gray_stained_glass":2,"minecraft:jukebox":1,"minecraft:tnt":1,"minecraft:stone_brick_stairs":1,"minecraft:smooth_stone_slab":1,"minecraft:grass":9,"minecraft:oak_log":42,"minecraft:loom":1,"minecraft:sand":123,"minecraft:dirt":37,"minecraft:tripwire_hook":5,"minecraft:stonecutter":1,"minecraft:yellow_stained_glass":2,"minecraft:netherrack":2,"minecraft:cyan_candle":1,"minecraft:piston":1,"minecraft:oak_leaves":12,"minecraft:dark_prismarine":25,"minecraft:deepslate_tiles":7,"minecraft:crying_obsidian":2,"minecraft:tuff":5,"minecraft:potted_wither_rose":1,"minecraft:potted_flowering_azalea_bush":2,"minecraft:mangrove_roots":1,"minecraft:spruce_fence":1,"minecraft:decorated_pot":7,"minecraft:redstone_wire":1,"minecraft:cartography_table":1,"born_in_chaos_v1:gnawed_bones":1,"minecraft:sandstone":1,"minecraft:hay_block":16,"minecraft:black_stained_glass_pane":2,"minecraft:furnace":5,"minecraft:polished_basalt":3,"minecraft:potted_torchflower":1,"minecraft:snow":1,"minecraft:acacia_wood":3,"minecraft:andesite":4,"treechop:chopped_log":89,"minecraft:gold_block":1,"minecraft:bell":2,"gamma_beasts:acacia_hoja":1,"minecraft:bookshelf":59,"minecraft:shroomlight":1,"minecraft:stripped_acacia_log":6,"minecraft:stone":466,"minecraft:smithing_table":1,"minecraft:cake":1,"minecraft:redstone_wall_torch":2,"minecraft:birch_stairs":2,"minecraft:acacia_leaves":1,"jeg:scrap_ore":2,"minecraft:cornflower":1,"minecraft:smooth_sandstone":8,"minecraft:crafting_table":11,"gamma_beasts:acacia_hoja_1":2,"minecraft:honey_block":1,"minecraft:rose_bush":1,"minecraft:lightning_rod":1,"faded_conquest_2:ominous_skull":1,"minecraft:lectern":3,"minecraft:stone_slab":1,"minecraft:copper_ore":14,"minecraft:tall_grass":2,"minecraft:smooth_red_sandstone_slab":1,"minecraft:diorite":7,"minecraft:spruce_stairs":10,"minecraft:black_stained_glass":2,"minecraft:birch_planks":3,"minecraft:beehive":1,"minecraft:sweet_berry_bush":2,"supplementaries:present_magenta":2,"minecraft:black_wall_banner":1,"minecraft:spruce_log":3,"minecraft:birch_leaves":2,"minecraft:dark_prismarine_slab":1,"minecraft:white_wall_banner":1,"minecraft:yellow_bed":2,"minecraft:mangrove_slab":7,"minecraft:coal_ore":58,"minecraft:cyan_carpet":5,"minecraft:gravel":50,"minecraft:cobweb":23,"minecraft:acacia_planks":7,"minecraft:stone_bricks":5,"minecraft:polished_andesite":3},"minecraft:dropped":{"minecraft:diamond":26,"minecraft:crossbow":1,"minecraft:stripped_dark_oak_wood":1,"minecraft:rotten_flesh":2,"faded_conquest_2:keyof_pestilence":1,"minecraft:spruce_slab":1,"minecraft:bread":5,"minecraft:potion":1,"minecraft:string":4,"minecraft:chicken":1},"minecraft:used":{"minecraft:polished_basalt":1,"minecraft:chest":27,"minecraft:shield":23,"minecraft:iron_sword":653,"minecraft:bell":1,"minecraft:carrot":2,"minecraft:milk_bucket":2,"minecraft:cyan_terracotta":9,"minecraft:stone_bricks":3,"supplementaries:present_magenta":2,"minecraft:magma_block":2,"minecraft:furnace":2,"minecraft:damaged_anvil":2,"minecraft:stone_pickaxe":353,"minecraft:oak_planks":71,"minecraft:wooden_pickaxe":10,"minecraft:diamond_axe":628,"minecraft:golden_apple":6,"minecraft:sand":3,"minecraft:mushroom_stew":3,"scalinghealth:cursed_heart":1,"minecraft:blast_furnace":4,"scalinghealth:enchanted_heart":5,"minecraft:bread":91,"minecraft:gravel":30,"minecraft:wooden_sword":13,"minecraft:smooth_stone_slab":1,"minecraft:cobweb":8,"minecraft:stone_sword":121,"minecraft:flint_and_steel":9,"minecraft:stone_shovel":206,"minecraft:torch":330,"minecraft:dirt":231,"scalinghealth:heart_crystal":16,"minecraft:dark_oak_planks":26,"minecraft:iron_axe":176,"minecraft:smooth_sandstone":7,"scalinghealth:power_crystal":1,"minecraft:golden_carrot":1,"minecraft:acacia_wood":3,"minecraft:cooked_beef":15,"minecraft:acacia_planks":65,"minecraft:calcite":31,"minecraft:cooked_mutton":20,"minecraft:water_bucket":29,"minecraft:birch_planks":1,"minecraft:baked_potato":1,"scalinghealth:chance_heart":4,"minecraft:crafting_table":12,"minecraft:tnt":5,"minecraft:white_bed":2,"minecraft:smoker":3,"minecraft:cake":1,"minecraft:oak_log":2,"minecraft:dark_prismarine":3,"minecraft:diamond_pickaxe":224,"minecraft:diamond_shovel":125,"minecraft:iron_pickaxe":349,"minecraft:stone_axe":229,"minecraft:cobblestone":247,"minecraft:bucket":29,"minecraft:yellow_bed":1,"minecraft:pumpkin_pie":30}},"DataVersion":3465}