{"stats":{"minecraft:custom":{"minecraft:open_barrel":10,"minecraft:time_since_rest":9072,"minecraft:open_chest":2,"minecraft:crouch_one_cm":4,"minecraft:play_time":9072,"minecraft:sprint_one_cm":2885,"minecraft:walk_one_cm":17937,"minecraft:sneak_time":12,"minecraft:mob_kills":11,"minecraft:damage_dealt_resisted":79547,"minecraft:jump":4,"minecraft:damage_dealt":3025,"minecraft:time_since_death":9072,"minecraft:total_world_time":9072,"minecraft:fly_one_cm":4933},"minecraft:killed":{"minecraft:spider":1,"born_in_chaos_v1:supreme_bonescaller_stage_2":1,"born_in_chaos_v1:supreme_bonescaller_not_despawn":1,"born_in_chaos_v1:bone_imp_minion":3,"born_in_chaos_v1:bonescaller_not_despawn":2,"born_in_chaos_v1:baby_skeleton_minion":1,"minecraft:stray":2},"minecraft:used":{"born_in_chaos_v1:supreme_measure":11,"minecraft:torch":9,"minecraft:wooden_sword":1},"minecraft:picked_up":{"minecraft:tipped_arrow":1,"minecraft:arrow":1,"minecraft:bone":9,"born_in_chaos_v1:spiritual_dust":5,"born_in_chaos_v1:seedof_chaos":4,"born_in_chaos_v1:orbofthe_summoner":1,"scalinghealth:power_crystal_shard":19}},"DataVersion":3465}