{"stats":{"minecraft:crafted":{"minecraft:oak_planks":284,"minecraft:diamond_shovel":1,"minecraft:bookshelf":27,"minecraft:cooked_mutton":19,"minecraft:diamond_leggings":1,"minecraft:iron_boots":2,"sophisticatedbackpacks:copper_backpack":1,"minecraft:chest":8,"minecraft:smoker":3,"minecraft:diamond_axe":1,"minecraft:crafting_table":3,"minecraft:spruce_planks":16,"minecraft:wooden_pickaxe":1,"minecraft:gold_block":10,"minecraft:tnt":4,"enchantinginfuser:advanced_enchanting_infuser":1,"minecraft:iron_chestplate":1,"minecraft:diamond_pickaxe":1,"minecraft:emerald_block":17,"sophisticatedbackpacks:diamond_backpack":1,"minecraft:stick":68,"minecraft:iron_pickaxe":2,"minecraft:iron_ingot":52,"minecraft:iron_block":9,"minecraft:stone_sword":1,"minecraft:gold_ingot":27,"minecraft:netherite_ingot":2,"minecraft:coal":27,"minecraft:stone_shovel":1,"minecraft:iron_axe":1,"minecraft:stone_pickaxe":3,"minecraft:golden_helmet":1,"sophisticatedbackpacks:iron_backpack":4,"minecraft:wheat":234,"minecraft:cooked_beef":16,"minecraft:iron_sword":2,"sophisticatedbackpacks:gold_backpack":1,"minecraft:mangrove_planks":8,"minecraft:bucket":2,"minecraft:stone_axe":1,"minecraft:bread":78,"minecraft:air":0,"minecraft:iron_leggings":2,"minecraft:acacia_planks":100,"minecraft:torch":248},"minecraft:custom":{"minecraft:open_barrel":101,"minecraft:interact_with_crafting_table":69,"minecraft:bell_ring":8,"minecraft:eat_cake_slice":19,"minecraft:leave_game":6,"minecraft:time_since_death":5112,"minecraft:damage_resisted":16,"minecraft:sprint_one_cm":1121494,"minecraft:damage_blocked_by_shield":1490,"minecraft:drop":14,"minecraft:play_noteblock":5,"minecraft:talked_to_villager":1,"minecraft:play_time":691384,"minecraft:deaths":24,"minecraft:jump":6539,"minecraft:interact_with_brewingstand":1,"minecraft:walk_on_water_one_cm":76853,"minecraft:enchant_item":4,"minecraft:interact_with_furnace":3,"minecraft:interact_with_loom":1,"minecraft:sleep_in_bed":12,"minecraft:damage_dealt":131466,"minecraft:crouch_one_cm":28529,"minecraft:interact_with_smoker":39,"minecraft:inspect_dispenser":2,"minecraft:interact_with_smithing_table":2,"minecraft:interact_with_anvil":11,"minecraft:mob_kills":505,"minecraft:damage_dealt_resisted":5096,"minecraft:climb_one_cm":23600,"minecraft:walk_one_cm":1492699,"minecraft:damage_dealt_absorbed":80,"minecraft:sneak_time":14934,"minecraft:walk_under_water_one_cm":19383,"minecraft:interact_with_blast_furnace":21,"minecraft:total_world_time":691384,"minecraft:time_since_rest":4810,"minecraft:damage_taken":39844,"minecraft:damage_absorbed":528,"minecraft:swim_one_cm":67929,"minecraft:fly_one_cm":1227539,"minecraft:open_chest":449,"minecraft:fall_one_cm":234633},"minecraft:broken":{"minecraft:golden_helmet":1,"minecraft:iron_boots":1,"minecraft:golden_leggings":1,"minecraft:stone_pickaxe":2,"minecraft:diamond_boots":1,"minecraft:stone_axe":1,"minecraft:iron_sword":1,"minecraft:stone_shovel":1,"minecraft:diamond_chestplate":1,"minecraft:diamond_leggings":1,"minecraft:iron_axe":1,"minecraft:iron_pickaxe":1,"minecraft:iron_helmet":3},"minecraft:killed":{"born_in_chaos_v1:lifestealer_true_form":1,"born_in_chaos_v1:zombie_clown":4,"minecraft:cave_spider":13,"born_in_chaos_v1:zombie_lumberjack":4,"born_in_chaos_v1:restless_spirit":4,"born_in_chaos_v1:skeleton_demoman":2,"born_in_chaos_v1:door_knight_not_despawn":1,"born_in_chaos_v1:pumpkin_spirit":1,"minecraft:spider":7,"born_in_chaos_v1:siamese_skeletonsright":1,"born_in_chaos_v1:baby_skeleton_minion":4,"born_in_chaos_v1:scarlet_persecutor":4,"minecraft:skeleton":71,"minecraft:chicken":2,"minecraft:silverfish":2,"born_in_chaos_v1:supreme_bonescaller_stage_2":1,"faded_conquest_2:mimic":4,"minecraft:piglin_brute":3,"born_in_chaos_v1:firelight_not_despawn":2,"minecraft:magma_cube":26,"minecraft:piglin":4,"minecraft:pig":4,"minecraft:creeper":5,"minecraft:sheep":10,"minecraft:zombie":43,"born_in_chaos_v1:dread_hound":6,"born_in_chaos_v1:corpse_fly":11,"minecraft:stray":1,"alexsmobs:roadrunner":1,"alexsmobs:fly":3,"born_in_chaos_v1:siamese_skeletonsleft":1,"minecraft:cow":10,"alexsmobs:jerboa":1,"alexsmobs:raccoon":1,"alexsmobs:seagull":1,"minecraft:slime":3,"born_in_chaos_v1:maggot":19,"minecraft:phantom":2,"minecraft:horse":6,"faded_conquest_2:doomharbor_lich":1,"born_in_chaos_v1:siamese_skeletons":1,"born_in_chaos_v1:spiritof_chaos":3,"faded_conquest_2:the_plauge_bringer":1,"minecraft:husk":30,"alexsmobs:guster":4,"born_in_chaos_v1:bone_imp_minion":9,"born_in_chaos_v1:baby_skeleton":3,"born_in_chaos_v1:spirit_guide_assistant":3,"minecraft:bat":1,"minecraft:frog":10,"minecraft:hoglin":29,"born_in_chaos_v1:decrepit_skeleton":16,"born_in_chaos_v1:bloody_gadfly":2,"faded_conquest_2:infested":2,"born_in_chaos_v1:bonescaller_not_despawn":2,"born_in_chaos_v1:dark_vortex":3,"born_in_chaos_v1:nightmare_stalker":3,"minecraft:wither_skeleton":43,"minecraft:enderman":1},"minecraft:picked_up":{"minecraft:birch_door":1,"beachparty:rubber_ring_axolotl":2,"minecraft:wheat":1,"minecraft:redstone_block":2,"minecraft:anvil":2,"minecraft:suspicious_stew":1,"minecraft:flower_pot":6,"minecraft:smithing_table":1,"minecraft:enchanted_book":2,"minecraft:wither_rose":1,"minecraft:potion":5,"minecraft:stone_brick_stairs":1,"born_in_chaos_v1:bloody_gadfly_eye":1,"minecraft:brewing_stand":5,"born_in_chaos_v1:dark_upgrade":1,"minecraft:sticky_piston":13,"minecraft:string":61,"minecraft:dark_oak_trapdoor":1,"minecraft:waxed_cut_copper_slab":1,"minecraft:raw_copper":44,"minecraft:red_nether_bricks":9,"minecraft:cooked_salmon":5,"minecraft:smooth_stone_slab":1,"minecraft:armor_stand":8,"minecraft:experience_bottle":31,"minecraft:shroomlight":2,"minecraft:smooth_red_sandstone_slab":1,"minecraft:deepslate_tiles":6,"minecraft:gold_nugget":1,"minecraft:bucket":2,"minecraft:spruce_planks":16,"minecraft:rose_bush":1,"minecraft:redstone_torch":2,"minecraft:calcite":58,"minecraft:deepslate_tile_wall":1,"minecraft:enchanted_golden_apple":1,"minecraft:smooth_quartz":2,"alexsmobs:raccoon_tail":1,"born_in_chaos_v1:stimulating_decoction":3,"minecraft:melon_slice":15,"minecraft:coal_block":20,"minecraft:furnace":10,"minecraft:tipped_arrow":1,"minecraft:beehive":1,"minecraft:stick":41,"born_in_chaos_v1:shattered_skull":3,"minecraft:jukebox":1,"minecraft:acacia_log":2,"minecraft:polished_deepslate_stairs":1,"born_in_chaos_v1:phantom_powder":2,"minecraft:torch":33,"minecraft:spruce_stairs":8,"born_in_chaos_v1:pileof_dark_metal":2,"minecraft:porkchop":89,"minecraft:lightning_rod":1,"minecraft:cherry_log":2,"minecraft:diorite":9,"born_in_chaos_v1:nightmare_claw":5,"minecraft:golden_chestplate":8,"born_in_chaos_v1:damned_demomans_hat_helmet":1,"minecraft:orange_bed":1,"minecraft:stone_sword":3,"minecraft:honey_bottle":2,"minecraft:rotten_flesh":141,"farmersdelight:onion":3,"minecraft:iron_block":1,"faded_conquest_2:skull_pile":8,"minecraft:polished_basalt":3,"gamma_beasts:kiwi":2,"create:asurine":22,"gamma_beasts:coal_nugget":23,"minecraft:mangrove_roots":13,"minecraft:cyan_terracotta":17,"alexsmobs:emu_egg":2,"farmersdelight:rope":36,"create:veridium":1,"supplementaries:ash":8,"minecraft:obsidian":8,"minecraft:iron_bars":2,"minecraft:snowball":22,"minecraft:cobblestone":576,"minecraft:birch_log":4,"minecraft:enchanting_table":1,"minecraft:magma_block":5,"minecraft:leather_chestplate":2,"minecraft:repeater":28,"minecraft:feather":3,"minecraft:cooked_beef":1,"farmersdelight:rice":2,"minecraft:magma_cream":2,"minecraft:iron_door":3,"born_in_chaos_v1:spiritual_dust":5,"minecraft:andesite":4,"minecraft:golden_leggings":1,"minecraft:chiseled_quartz_block":1,"minecraft:smoker":1,"minecraft:potato":1,"minecraft:flint":5,"minecraft:smooth_sandstone_stairs":2,"minecraft:gray_concrete":8,"minecraft:map":1,"minecraft:wither_skeleton_skull":2,"skilltree:gem":13,"minecraft:dirt":376,"minecraft:lapis_lazuli":30,"minecraft:mangrove_slab":9,"minecraft:lantern":2,"born_in_chaos_v1:nightmare_stalker_skull":2,"faded_conquest_2:keyof_pestilence":2,"minecraft:name_tag":1,"born_in_chaos_v1:monster_skin":28,"minecraft:leather_boots":6,"minecraft:bone":245,"tetra:scroll_rolled":7,"minecraft:acacia_planks":6,"minecraft:bow":3,"minecraft:stonecutter":2,"minecraft:wheat_seeds":14,"minecraft:bell":2,"minecraft:grindstone":1,"minecraft:bamboo":5,"minecraft:fletching_table":1,"minecraft:rabbit":1,"minecraft:cyan_candle":3,"minecraft:oak_planks":25,"minecraft:cooked_porkchop":68,"minecraft:poisonous_potato":1,"minecraft:sand":9,"minecraft:loom":1,"minecraft:dark_oak_log":2,"alexsmobs:animal_dictionary":2,"minecraft:dark_prismarine":24,"minecraft:dark_prismarine_slab":1,"minecraft:light_gray_concrete":8,"minecraft:stripped_acacia_log":7,"minecraft:polished_andesite":3,"minecraft:dispenser":4,"born_in_chaos_v1:fire_dust":2,"minecraft:slime_block":1,"minecraft:diamond":81,"minecraft:lever":2,"minecraft:cracked_polished_blackstone_bricks":4,"minecraft:crossbow":5,"minecraft:spruce_sign":6,"minecraft:bread":14,"minecraft:golden_apple":33,"minecraft:chainmail_helmet":3,"minecraft:golden_horse_armor":2,"minecraft:emerald":81,"alexsmobs:maggot":6,"minecraft:oak_sapling":44,"minecraft:netherrack":50,"minecraft:crimson_roots":1,"minecraft:crafting_table":13,"minecraft:chicken":2,"born_in_chaos_v1:seedof_chaos":12,"minecraft:chest_minecart":1,"minecraft:leather_leggings":3,"minecraft:rabbit_stew":1,"minecraft:redstone_lamp":18,"minecraft:wooden_pickaxe":1,"alexsmobs:roadrunner_feather":3,"minecraft:cooked_rabbit":3,"minecraft:gold_block":1,"minecraft:diamond_horse_armor":1,"minecraft:chain":2,"minecraft:shield":3,"minecraft:brick":4,"minecraft:cornflower":1,"minecraft:iron_axe":1,"gamma_beasts:acacia_leaf":2,"minecraft:wooden_sword":1,"minecraft:flint_and_steel":1,"minecraft:netherite_scrap":8,"born_in_chaos_v1:intoxicating_decoction":5,"faded_conquest_2:key_of_death":1,"minecraft:blackstone":16,"minecraft:cyan_carpet":6,"minecraft:cartography_table":1,"minecraft:netherite_sword":2,"minecraft:beef":19,"scalinghealth:chance_heart":1,"minecraft:player_head":10,"born_in_chaos_v1:gnawed_bones":4,"minecraft:observer":2,"minecraft:iron_nugget":11,"minecraft:spruce_slab":28,"minecraft:lectern":3,"supplementaries:rope":14,"minecraft:chest":36,"minecraft:birch_sapling":1,"minecraft:spruce_trapdoor":3,"minecraft:piston":6,"minecraft:egg":2,"minecraft:sandstone":41,"minecraft:raw_iron":22,"minecraft:stripped_mangrove_wood":7,"minecraft:note_block":3,"minecraft:spruce_fence":1,"minecraft:polished_blackstone_bricks":12,"farmersdelight:tomato_seeds":3,"minecraft:stone_button":3,"born_in_chaos_v1:pieceofdarkmetal":29,"minecraft:carrot":11,"minecraft:redstone":127,"minecraft:netherite_pickaxe":1,"minecraft:prismarine_crystals":5,"minecraft:iron_horse_armor":2,"minecraft:dark_oak_planks":70,"minecraft:tnt":29,"minecraft:arrow":207,"minecraft:diamond_chestplate":1,"minecraft:stone_shovel":2,"minecraft:cooked_cod":2,"minecraft:decorated_pot":6,"minecraft:beetroot_seeds":2,"minecraft:pumpkin_pie":3,"minecraft:diamond_boots":1,"minecraft:deepslate_bricks":6,"minecraft:hay_block":16,"minecraft:stripped_dark_oak_wood":3,"minecraft:gold_ingot":139,"rpgsmw:zrikons_hears":1,"minecraft:black_banner":1,"minecraft:saddle":3,"minecraft:glistering_melon_slice":6,"scalinghealth:power_crystal":1,"minecraft:glow_berries":10,"minecraft:mutton":19,"minecraft:white_wool":10,"minecraft:skeleton_skull":10,"minecraft:rail":13,"born_in_chaos_v1:fused_bone":4,"born_in_chaos_v1:corpse_maggot":28,"minecraft:netherite_boots":8,"minecraft:air":0,"minecraft:smooth_red_sandstone":1,"minecraft:basalt":1,"born_in_chaos_v1:monster_flesh":6,"minecraft:tripwire_hook":5,"vinery:jungle_grape_seeds_red":2,"minecraft:leather":52,"minecraft:red_mushroom":3,"minecraft:acacia_wood":7,"minecraft:birch_planks":8,"minecraft:torchflower":1,"minecraft:mushroom_stew":2,"minecraft:oak_log":107,"scalinghealth:bandages":7,"minecraft:golden_boots":1,"minecraft:yellow_bed":1,"minecraft:gunpowder":18,"scalinghealth:heart_crystal":16,"minecraft:paper":16,"minecraft:white_banner":2,"minecraft:cooked_mutton":3,"minecraft:red_carpet":6,"minecraft:rabbit_hide":1,"minecraft:apple":11,"minecraft:stone_bricks":5,"minecraft:heart_of_the_sea":1,"minecraft:iron_ingot":139,"minecraft:stone_pickaxe":2,"minecraft:cobweb":29,"scalinghealth:power_crystal_shard":10,"beachparty:overgrown_disc":2,"supplementaries:present_magenta":2,"minecraft:iron_sword":6,"minecraft:dark_oak_stairs":5,"minecraft:flowering_azalea":2,"minecraft:book":184,"scalinghealth:heart_crystal_shard":26,"minecraft:emerald_block":35,"minecraft:sweet_berries":3,"minecraft:chiseled_stone_bricks":1,"born_in_chaos_v1:lifestealer_bone":5,"born_in_chaos_v1:orbofthe_summoner":2,"born_in_chaos_v1:ethereal_spirit":18,"minecraft:gravel":55,"minecraft:birch_stairs":4,"born_in_chaos_v1:dark_rod":4,"minecraft:amethyst_shard":2,"minecraft:blast_furnace":11,"minecraft:white_bed":1,"minecraft:spruce_log":4,"minecraft:crying_obsidian":7,"minecraft:spider_eye":11,"minecraft:leather_helmet":2,"minecraft:slime_ball":2,"minecraft:stone_axe":2,"born_in_chaos_v1:pile_of_skulls":1,"hauntedharvest:rotten_apple":1,"minecraft:honey_block":1,"minecraft:chainmail_leggings":2,"minecraft:iron_helmet":2,"minecraft:painting":6,"minecraft:birch_sign":4,"minecraft:warped_roots":1,"minecraft:baked_potato":1,"minecraft:damaged_anvil":3,"minecraft:coal":136,"minecraft:ender_pearl":4},"minecraft:mined":{"minecraft:dark_oak_planks":17,"minecraft:waxed_cut_copper_slab":1,"minecraft:stone_pressure_plate":1,"minecraft:spruce_planks":2,"minecraft:white_bed":1,"minecraft:stone_brick_wall":1,"minecraft:red_nether_bricks":9,"minecraft:brewing_stand":5,"minecraft:obsidian":8,"minecraft:cave_vines_plant":4,"minecraft:spruce_trapdoor":3,"faded_conquest_2:toxic_lantern":1,"minecraft:acacia_log":4,"minecraft:deepslate_tile_wall":1,"minecraft:grass_block":179,"minecraft:cracked_polished_blackstone_bricks":9,"minecraft:deepslate_bricks":6,"minecraft:coal_block":20,"minecraft:chiseled_stone_bricks":1,"born_in_chaos_v1:pile_of_skulls":1,"minecraft:spawner":35,"minecraft:polished_blackstone_bricks":20,"minecraft:magma_block":5,"minecraft:dark_oak_trapdoor":1,"minecraft:iron_ore":22,"minecraft:fire":4,"minecraft:anvil":2,"minecraft:fletching_table":1,"minecraft:stripped_dark_oak_wood":2,"minecraft:enchanting_table":1,"minecraft:dark_oak_stairs":1,"minecraft:smooth_red_sandstone":1,"create:asurine":24,"minecraft:cave_vines":1,"minecraft:iron_bars":2,"minecraft:light_gray_concrete":9,"minecraft:iron_block":1,"minecraft:white_banner":1,"minecraft:stripped_mangrove_wood":7,"create:veridium":1,"minecraft:player_head":3,"minecraft:tripwire":1,"minecraft:spruce_slab":23,"minecraft:orange_bed":1,"minecraft:cyan_terracotta":9,"minecraft:blackstone":18,"minecraft:polished_deepslate_stairs":1,"minecraft:smoker":1,"minecraft:chiseled_quartz_block":1,"faded_conquest_2:skull_pile":8,"minecraft:torch":2,"minecraft:note_block":3,"minecraft:blast_furnace":11,"minecraft:calcite":56,"minecraft:melon":4,"minecraft:potted_warped_roots":1,"minecraft:chest":37,"minecraft:spruce_wall_sign":3,"minecraft:cobblestone":55,"minecraft:slime_block":1,"minecraft:grindstone":1,"minecraft:oak_planks":7,"minecraft:damaged_anvil":3,"minecraft:iron_door":3,"minecraft:wall_torch":6,"minecraft:skeleton_skull":8,"minecraft:chain":2,"minecraft:repeater":7,"minecraft:dark_oak_slab":2,"minecraft:light_gray_stained_glass":2,"minecraft:jukebox":1,"minecraft:tnt":1,"minecraft:stone_brick_stairs":1,"minecraft:smooth_stone_slab":1,"minecraft:grass":28,"minecraft:oak_log":42,"minecraft:dirt":159,"minecraft:loom":1,"minecraft:sand":123,"minecraft:smooth_quartz":2,"minecraft:tripwire_hook":6,"minecraft:dispenser":4,"minecraft:stonecutter":2,"minecraft:netherrack":50,"minecraft:yellow_stained_glass":2,"minecraft:cyan_candle":1,"minecraft:piston":3,"minecraft:oak_leaves":12,"minecraft:light_blue_stained_glass_pane":2,"minecraft:dark_prismarine":25,"minecraft:deepslate_tiles":7,"minecraft:crying_obsidian":2,"minecraft:tuff":5,"minecraft:potted_wither_rose":1,"born_in_chaos_v1:nightmare_stalker_skull":1,"minecraft:potted_flowering_azalea_bush":2,"minecraft:mangrove_roots":1,"minecraft:stone_button":1,"minecraft:lever":1,"minecraft:spruce_fence":1,"minecraft:decorated_pot":7,"minecraft:redstone_wire":1,"minecraft:cartography_table":1,"born_in_chaos_v1:gnawed_bones":1,"minecraft:sandstone":1,"minecraft:hay_block":16,"minecraft:black_stained_glass_pane":4,"minecraft:furnace":10,"minecraft:polished_basalt":3,"minecraft:potted_torchflower":1,"minecraft:snow":1,"minecraft:acacia_wood":4,"minecraft:andesite":4,"treechop:chopped_log":91,"minecraft:gold_block":13,"minecraft:bell":2,"gamma_beasts:acacia_hoja":1,"minecraft:bookshelf":59,"minecraft:shroomlight":1,"minecraft:stripped_acacia_log":6,"minecraft:stone":573,"minecraft:cake":1,"minecraft:redstone_wall_torch":2,"minecraft:smithing_table":1,"minecraft:birch_stairs":2,"minecraft:acacia_leaves":1,"minecraft:redstone_block":2,"minecraft:gray_concrete":8,"jeg:scrap_ore":2,"minecraft:basalt":3,"minecraft:observer":2,"minecraft:cornflower":1,"minecraft:smooth_sandstone":8,"minecraft:crafting_table":12,"gamma_beasts:acacia_hoja_1":2,"minecraft:honey_block":1,"minecraft:rose_bush":1,"minecraft:lectern":3,"faded_conquest_2:ominous_skull":1,"minecraft:campfire":4,"minecraft:stone_slab":1,"minecraft:lightning_rod":1,"minecraft:tall_grass":2,"minecraft:copper_ore":14,"minecraft:smooth_red_sandstone_slab":1,"minecraft:diorite":7,"minecraft:spruce_stairs":10,"minecraft:black_stained_glass":2,"minecraft:birch_planks":3,"minecraft:beehive":1,"minecraft:sweet_berry_bush":2,"supplementaries:present_magenta":2,"minecraft:black_wall_banner":1,"minecraft:spruce_log":3,"minecraft:birch_leaves":2,"minecraft:dark_prismarine_slab":1,"minecraft:white_wall_banner":1,"minecraft:yellow_bed":2,"minecraft:mangrove_slab":7,"minecraft:coal_ore":63,"minecraft:gravel":50,"minecraft:cyan_carpet":5,"minecraft:cobweb":23,"minecraft:acacia_planks":7,"minecraft:stone_bricks":5,"minecraft:polished_andesite":3},"minecraft:dropped":{"minecraft:crossbow":1,"minecraft:diamond":26,"minecraft:stripped_dark_oak_wood":1,"minecraft:rotten_flesh":2,"faded_conquest_2:keyof_pestilence":1,"minecraft:spruce_slab":1,"minecraft:bread":5,"minecraft:potion":1,"minecraft:string":4,"minecraft:chicken":1},"minecraft:used":{"minecraft:polished_basalt":1,"minecraft:chest":30,"minecraft:shield":23,"minecraft:bell":1,"minecraft:iron_sword":655,"minecraft:carrot":2,"minecraft:obsidian":5,"enchantinginfuser:advanced_enchanting_infuser":1,"minecraft:milk_bucket":2,"minecraft:cyan_terracotta":9,"minecraft:lava_bucket":3,"minecraft:stone_bricks":3,"born_in_chaos_v1:nightmare_stalker_skull":1,"supplementaries:present_magenta":2,"minecraft:magma_block":2,"minecraft:furnace":2,"minecraft:damaged_anvil":2,"minecraft:stone_pickaxe":353,"minecraft:oak_planks":71,"minecraft:wooden_pickaxe":10,"minecraft:diamond_axe":757,"minecraft:golden_apple":14,"minecraft:sand":3,"minecraft:mushroom_stew":3,"minecraft:blast_furnace":4,"scalinghealth:cursed_heart":1,"scalinghealth:enchanted_heart":5,"minecraft:bread":105,"minecraft:gravel":30,"minecraft:golden_helmet":1,"minecraft:wooden_sword":13,"minecraft:smithing_table":1,"minecraft:smooth_stone_slab":1,"minecraft:experience_bottle":34,"minecraft:cobweb":8,"minecraft:stone_sword":121,"minecraft:netherite_sword":464,"minecraft:flint_and_steel":10,"minecraft:stone_shovel":206,"minecraft:netherrack":48,"minecraft:orange_bed":1,"minecraft:torch":380,"minecraft:dirt":338,"minecraft:anvil":1,"scalinghealth:heart_crystal":17,"minecraft:dark_oak_planks":26,"minecraft:bookshelf":27,"minecraft:iron_axe":176,"minecraft:smooth_sandstone":7,"scalinghealth:power_crystal":1,"minecraft:golden_carrot":1,"minecraft:netherite_pickaxe":64,"minecraft:acacia_wood":3,"minecraft:cooked_beef":16,"minecraft:acacia_planks":65,"minecraft:calcite":31,"minecraft:cooked_mutton":20,"minecraft:water_bucket":39,"minecraft:birch_planks":1,"minecraft:baked_potato":1,"scalinghealth:chance_heart":4,"minecraft:crafting_table":13,"minecraft:tnt":5,"minecraft:white_bed":2,"minecraft:smoker":3,"minecraft:cake":1,"minecraft:oak_log":2,"minecraft:dark_prismarine":3,"minecraft:diamond_pickaxe":447,"minecraft:diamond_shovel":325,"minecraft:iron_pickaxe":349,"minecraft:stone_axe":229,"minecraft:cobblestone":368,"minecraft:cooked_porkchop":6,"minecraft:bucket":42,"minecraft:yellow_bed":1,"minecraft:pumpkin_pie":44},"minecraft:killed_by":{"minecraft:magma_cube":1}},"DataVersion":3465}