{"stats":{"minecraft:used":{"minecraft:calcite":7,"minecraft:stone_sword":68,"minecraft:stone_shovel":101,"minecraft:stone_pickaxe":23,"minecraft:chest":1,"minecraft:wooden_pickaxe":10,"minecraft:shield":13,"minecraft:dirt":67,"scalinghealth:heart_crystal":1,"minecraft:crafting_table":2,"minecraft:bread":9,"minecraft:gravel":30,"minecraft:stone_axe":23,"minecraft:wooden_sword":13},"minecraft:dropped":{"minecraft:stripped_dark_oak_wood":1,"minecraft:potion":1,"minecraft:string":1},"minecraft:mined":{"minecraft:red_nether_bricks":1,"minecraft:crafting_table":1,"minecraft:blast_furnace":1,"minecraft:calcite":14,"minecraft:grass_block":61,"minecraft:diorite":4,"minecraft:spawner":1,"minecraft:spruce_stairs":2,"minecraft:hay_block":3,"minecraft:black_stained_glass_pane":2,"minecraft:dark_oak_trapdoor":1,"minecraft:spruce_log":3,"treechop:chopped_log":8,"minecraft:stripped_dark_oak_wood":1,"minecraft:grass":2,"minecraft:bookshelf":6,"minecraft:oak_log":5,"minecraft:gravel":35,"minecraft:dirt":6,"minecraft:tripwire_hook":3,"minecraft:stripped_mangrove_wood":2,"minecraft:stone":11,"minecraft:cyan_candle":1},"minecraft:custom":{"minecraft:mob_kills":21,"minecraft:interact_with_crafting_table":5,"minecraft:open_barrel":6,"minecraft:time_since_death":519,"minecraft:sleep_in_bed":1,"minecraft:climb_one_cm":80,"minecraft:time_since_rest":781,"minecraft:sprint_one_cm":22305,"minecraft:damage_taken":1627,"minecraft:walk_one_cm":56897,"minecraft:damage_blocked_by_shield":800,"minecraft:drop":3,"minecraft:damage_dealt":2494,"minecraft:swim_one_cm":1193,"minecraft:fly_one_cm":44230,"minecraft:open_chest":7,"minecraft:crouch_one_cm":1518,"minecraft:play_time":29359,"minecraft:deaths":2,"minecraft:sneak_time":893,"minecraft:walk_under_water_one_cm":553,"minecraft:jump":267,"minecraft:walk_on_water_one_cm":6429,"minecraft:total_world_time":29359,"minecraft:fall_one_cm":6156},"minecraft:picked_up":{"minecraft:crafting_table":2,"minecraft:tripwire_hook":3,"minecraft:wooden_pickaxe":1,"minecraft:potion":1,"minecraft:flint":4,"minecraft:oak_log":18,"minecraft:shield":1,"scalinghealth:heart_crystal":1,"minecraft:dirt":97,"minecraft:string":1,"minecraft:dark_oak_trapdoor":1,"minecraft:wooden_sword":1,"minecraft:red_nether_bricks":1,"minecraft:leather_boots":1,"minecraft:bone":7,"minecraft:bow":1,"minecraft:wheat_seeds":6,"minecraft:spruce_planks":7,"minecraft:beef":2,"minecraft:stone_pickaxe":1,"minecraft:calcite":13,"minecraft:cyan_candle":3,"minecraft:book":15,"minecraft:stick":3,"minecraft:stripped_mangrove_wood":2,"minecraft:spruce_stairs":2,"minecraft:gravel":39,"minecraft:blast_furnace":1,"minecraft:diorite":4,"minecraft:spruce_log":4,"alexsmobs:animal_dictionary":1,"minecraft:stone_sword":1,"minecraft:arrow":14,"minecraft:stone_shovel":1,"minecraft:stone_axe":1,"minecraft:hay_block":3,"minecraft:stripped_dark_oak_wood":2,"minecraft:bread":9,"minecraft:cobblestone":13},"minecraft:killed":{"minecraft:spider":1,"minecraft:frog":9,"minecraft:skeleton":8,"minecraft:cow":1},"minecraft:crafted":{"minecraft:oak_planks":48,"minecraft:crafting_table":1,"minecraft:spruce_planks":16,"minecraft:wooden_pickaxe":1,"minecraft:bread":9,"minecraft:stick":12,"minecraft:stone_pickaxe":1,"minecraft:stone_sword":1,"minecraft:chest":1,"minecraft:wheat":27}},"DataVersion":3465}