{"stats":{"minecraft:killed_by":{"minecraft:magma_cube":1},"minecraft:custom":{"minecraft:interact_with_crafting_table":90,"minecraft:open_barrel":102,"minecraft:bell_ring":9,"minecraft:eat_cake_slice":19,"minecraft:leave_game":7,"minecraft:time_since_death":39496,"minecraft:damage_blocked_by_shield":1490,"minecraft:deaths":33,"minecraft:play_time":1017604,"minecraft:jump":9611,"minecraft:enchant_item":8,"minecraft:interact_with_furnace":3,"minecraft:traded_with_villager":23,"minecraft:sleep_in_bed":24,"minecraft:damage_dealt":238982,"minecraft:interact_with_smoker":41,"minecraft:inspect_dispenser":2,"minecraft:interact_with_smithing_table":9,"minecraft:interact_with_anvil":24,"minecraft:damage_dealt_absorbed":80,"minecraft:sneak_time":22230,"minecraft:interact_with_blast_furnace":21,"minecraft:total_world_time":1017604,"minecraft:time_since_rest":39540,"minecraft:swim_one_cm":101637,"minecraft:fly_one_cm":1751479,"minecraft:open_chest":623,"minecraft:fall_one_cm":365367,"minecraft:damage_resisted":90,"minecraft:sprint_one_cm":1575783,"minecraft:drop":123,"minecraft:play_noteblock":5,"minecraft:talked_to_villager":302,"minecraft:interact_with_brewingstand":1,"minecraft:walk_on_water_one_cm":100416,"minecraft:interact_with_loom":1,"minecraft:crouch_one_cm":38990,"minecraft:mob_kills":1033,"minecraft:damage_dealt_resisted":7177,"minecraft:climb_one_cm":31535,"minecraft:walk_one_cm":2214048,"minecraft:walk_under_water_one_cm":31562,"minecraft:damage_taken":63886,"minecraft:damage_absorbed":680},"minecraft:used":{"minecraft:spruce_slab":11,"minecraft:chest":37,"minecraft:spruce_boat":8,"minecraft:lava_bucket":3,"born_in_chaos_v1:nightmare_stalker_skull":1,"supplementaries:present_magenta":2,"minecraft:furnace":2,"minecraft:damaged_anvil":2,"minecraft:wooden_pickaxe":10,"minecraft:golden_apple":14,"minecraft:sand":3,"minecraft:blast_furnace":4,"scalinghealth:cursed_heart":1,"scalinghealth:enchanted_heart":5,"minecraft:lectern":139,"minecraft:wooden_sword":13,"minecraft:smithing_table":1,"minecraft:oak_trapdoor":8,"minecraft:stone_sword":121,"minecraft:netherrack":112,"minecraft:orange_bed":1,"minecraft:torch":407,"minecraft:anvil":1,"minecraft:iron_axe":312,"minecraft:acacia_wood":3,"minecraft:acacia_planks":65,"minecraft:calcite":31,"minecraft:water_bucket":47,"minecraft:birch_planks":1,"minecraft:polished_blackstone_bricks":34,"minecraft:tnt":5,"minecraft:crafting_table":13,"minecraft:red_bed":1,"minecraft:white_bed":11,"minecraft:cake":1,"minecraft:oak_log":2,"minecraft:dark_prismarine":3,"minecraft:diamond_pickaxe":447,"minecraft:diamond_shovel":581,"minecraft:iron_pickaxe":349,"scalinghealth:medkit":1,"minecraft:enchanted_book":1,"minecraft:cobblestone":381,"minecraft:cooked_porkchop":231,"minecraft:polished_basalt":1,"minecraft:shield":23,"minecraft:iron_sword":655,"minecraft:bell":1,"minecraft:carrot":3,"enchantinginfuser:advanced_enchanting_infuser":1,"minecraft:milk_bucket":2,"minecraft:obsidian":5,"minecraft:cyan_terracotta":9,"minecraft:stone_bricks":3,"minecraft:magma_block":2,"minecraft:stone_pickaxe":353,"minecraft:oak_planks":71,"minecraft:diamond_axe":988,"minecraft:mushroom_stew":3,"minecraft:bread":105,"minecraft:gravel":30,"minecraft:golden_helmet":1,"minecraft:smooth_stone_slab":1,"minecraft:cobweb":8,"minecraft:experience_bottle":34,"minecraft:netherite_sword":1483,"sophisticatedbackpacks:iron_backpack":1,"minecraft:flint_and_steel":10,"minecraft:stone_shovel":206,"minecraft:dirt":470,"scalinghealth:heart_crystal":26,"minecraft:dark_oak_planks":26,"minecraft:bookshelf":27,"minecraft:smooth_sandstone":7,"scalinghealth:power_crystal":1,"minecraft:golden_carrot":1,"minecraft:netherite_pickaxe":792,"minecraft:cooked_beef":16,"minecraft:enchanted_golden_apple":1,"born_in_chaos_v1:trident_hayfork":24,"minecraft:cooked_mutton":20,"minecraft:baked_potato":1,"scalinghealth:chance_heart":4,"minecraft:smoker":3,"minecraft:stone_axe":229,"minecraft:bucket":50,"born_in_chaos_v1:wood_splitter_axe":18,"minecraft:pumpkin_pie":44,"minecraft:yellow_bed":1},"minecraft:mined":{"minecraft:dark_oak_planks":17,"minecraft:white_bed":5,"minecraft:red_nether_bricks":9,"minecraft:obsidian":8,"faded_conquest_2:toxic_lantern":1,"minecraft:granite":5,"minecraft:acacia_log":4,"minecraft:deepslate_tile_wall":1,"minecraft:stone_brick_wall":1,"minecraft:coal_block":20,"minecraft:deepslate_bricks":6,"minecraft:chiseled_stone_bricks":1,"minecraft:spawner":36,"minecraft:polished_blackstone_bricks":93,"minecraft:magma_block":5,"minecraft:dark_oak_trapdoor":1,"minecraft:fire":5,"minecraft:fletching_table":2,"minecraft:stripped_dark_oak_wood":2,"minecraft:enchanting_table":1,"minecraft:smooth_red_sandstone":1,"minecraft:cave_vines":1,"minecraft:light_gray_concrete":9,"minecraft:stripped_mangrove_wood":7,"minecraft:white_banner":1,"minecraft:iron_block":1,"create:veridium":1,"minecraft:player_head":3,"minecraft:tripwire":1,"minecraft:orange_bed":1,"minecraft:red_bed":9,"minecraft:smoker":1,"faded_conquest_2:skull_pile":8,"minecraft:note_block":3,"minecraft:torch":2,"minecraft:blast_furnace":13,"minecraft:melon":4,"minecraft:spruce_wall_sign":3,"minecraft:smooth_quartz_slab":1,"minecraft:damaged_anvil":3,"minecraft:skeleton_skull":8,"minecraft:chain":2,"minecraft:repeater":7,"minecraft:light_gray_stained_glass":2,"minecraft:jukebox":1,"minecraft:stone_brick_stairs":1,"minecraft:grass":42,"minecraft:loom":1,"minecraft:smooth_quartz":2,"minecraft:stonecutter":2,"minecraft:yellow_stained_glass":2,"minecraft:piston":3,"minecraft:light_blue_stained_glass_pane":2,"minecraft:deepslate_tiles":7,"minecraft:dark_prismarine":25,"minecraft:potted_flowering_azalea_bush":2,"minecraft:spruce_fence":1,"minecraft:redstone_wire":1,"minecraft:cartography_table":1,"born_in_chaos_v1:gnawed_bones":1,"minecraft:black_stained_glass_pane":4,"minecraft:potted_torchflower":1,"minecraft:snow":1,"minecraft:acacia_wood":4,"minecraft:andesite":4,"jeg:blackstone_brimstone_ore":2,"minecraft:cake":1,"minecraft:smithing_table":1,"minecraft:birch_stairs":2,"minecraft:redstone_block":2,"minecraft:gray_concrete":8,"jeg:scrap_ore":5,"minecraft:observer":2,"minecraft:smooth_sandstone":11,"minecraft:cornflower":1,"minecraft:campfire":4,"faded_conquest_2:ominous_skull":1,"minecraft:lightning_rod":1,"minecraft:tall_grass":2,"minecraft:copper_ore":16,"minecraft:smooth_red_sandstone_slab":1,"minecraft:diorite":7,"minecraft:black_stained_glass":2,"supplementaries:present_magenta":3,"minecraft:creeper_head":1,"minecraft:spruce_log":23,"minecraft:birch_leaves":2,"minecraft:dark_prismarine_slab":1,"minecraft:zombie_head":1,"minecraft:gravel":50,"minecraft:cobweb":23,"minecraft:acacia_planks":7,"minecraft:stone_bricks":7,"minecraft:waxed_cut_copper_slab":1,"minecraft:spruce_planks":4,"minecraft:stone_pressure_plate":1,"minecraft:brewing_stand":5,"minecraft:spruce_trapdoor":3,"minecraft:cave_vines_plant":4,"minecraft:grass_block":329,"sophisticatedbackpacks:iron_backpack":1,"minecraft:cracked_polished_blackstone_bricks":61,"born_in_chaos_v1:pile_of_skulls":1,"minecraft:gilded_blackstone":2,"minecraft:iron_ore":28,"minecraft:target":1,"minecraft:anvil":2,"minecraft:dark_oak_stairs":1,"create:asurine":24,"minecraft:iron_bars":2,"minecraft:spruce_slab":30,"minecraft:cyan_terracotta":9,"minecraft:blackstone":65,"supplementaries:book_pile":1,"minecraft:polished_deepslate_stairs":1,"minecraft:chiseled_quartz_block":1,"minecraft:calcite":56,"minecraft:potted_warped_roots":1,"minecraft:chest":56,"minecraft:cobblestone":64,"minecraft:slime_block":1,"minecraft:oak_planks":10,"minecraft:grindstone":1,"minecraft:iron_door":3,"minecraft:wall_torch":12,"minecraft:dark_oak_slab":2,"minecraft:tnt":1,"minecraft:smooth_stone_slab":1,"minecraft:oak_log":56,"minecraft:sand":127,"minecraft:dirt":253,"minecraft:tripwire_hook":6,"minecraft:dispenser":4,"minecraft:netherrack":181,"minecraft:oak_leaves":13,"minecraft:cyan_candle":1,"minecraft:crying_obsidian":2,"minecraft:tuff":5,"minecraft:potted_wither_rose":1,"born_in_chaos_v1:nightmare_stalker_skull":1,"meds_and_herbs:plantago":1,"minecraft:mangrove_roots":1,"minecraft:lever":1,"minecraft:stone_button":1,"minecraft:decorated_pot":7,"minecraft:spruce_leaves":14,"minecraft:sandstone":2,"minecraft:hay_block":18,"minecraft:furnace":10,"minecraft:polished_basalt":3,"treechop:chopped_log":129,"minecraft:gold_block":62,"minecraft:bell":2,"gamma_beasts:acacia_hoja":1,"minecraft:bookshelf":128,"minecraft:shroomlight":1,"minecraft:stripped_acacia_log":6,"minecraft:stone":841,"minecraft:redstone_wall_torch":2,"minecraft:acacia_leaves":1,"minecraft:basalt":9,"minecraft:polished_granite":4,"minecraft:crafting_table":12,"gamma_beasts:acacia_hoja_1":2,"minecraft:honey_block":1,"minecraft:rose_bush":1,"minecraft:lectern":134,"minecraft:stone_slab":1,"minecraft:polished_blackstone_brick_stairs":1,"minecraft:spruce_stairs":10,"minecraft:birch_planks":3,"minecraft:beehive":1,"minecraft:sweet_berry_bush":2,"minecraft:black_wall_banner":1,"minecraft:white_wall_banner":1,"minecraft:yellow_bed":5,"minecraft:mangrove_slab":7,"minecraft:coal_ore":114,"minecraft:cyan_carpet":5,"minecraft:polished_andesite":3},"minecraft:dropped":{"sophisticatedbackpacks:iron_backpack":1,"minecraft:diamond":65,"minecraft:cooked_porkchop":42,"minecraft:crossbow":1,"minecraft:stripped_dark_oak_wood":1,"minecraft:golden_chestplate":1,"minecraft:rotten_flesh":2,"minecraft:spruce_slab":1,"minecraft:wheat_seeds":3,"minecraft:golden_apple":2,"minecraft:cobweb":1,"minecraft:potion":1,"minecraft:string":4,"minecraft:chicken":1,"minecraft:potato":41,"minecraft:ender_pearl":2,"minecraft:leather":49,"minecraft:gold_ingot":5,"minecraft:carrot":43,"supplementaries:ash":2,"faded_conquest_2:keyof_pestilence":1,"minecraft:bread":5,"minecraft:cherry_log":1},"minecraft:killed":{"minecraft:cave_spider":13,"born_in_chaos_v1:zombie_lumberjack":7,"born_in_chaos_v1:restless_spirit":7,"born_in_chaos_v1:skeleton_demoman":3,"born_in_chaos_v1:door_knight_not_despawn":1,"born_in_chaos_v1:pumpkin_spirit":1,"born_in_chaos_v1:siamese_skeletonsright":2,"born_in_chaos_v1:baby_skeleton_minion":5,"minecraft:skeleton":74,"minecraft:chicken":2,"born_in_chaos_v1:supreme_bonescaller_stage_2":1,"minecraft:magma_cube":56,"minecraft:zombie":47,"born_in_chaos_v1:corpse_fly":15,"alexsmobs:roadrunner":1,"born_in_chaos_v1:door_knight":2,"minecraft:cow":15,"alexsmobs:raccoon":7,"alexsmobs:seagull":1,"born_in_chaos_v1:firelight":2,"minecraft:horse":6,"born_in_chaos_v1:spiritof_chaos":3,"minecraft:husk":30,"alexsmobs:guster":4,"born_in_chaos_v1:bone_imp_minion":13,"minecraft:frog":10,"born_in_chaos_v1:decrepit_skeleton":20,"born_in_chaos_v1:bloody_gadfly":2,"born_in_chaos_v1:dark_vortex":4,"minecraft:enderman":2,"born_in_chaos_v1:lifestealer_true_form":2,"born_in_chaos_v1:zombie_clown":7,"minecraft:spider":9,"born_in_chaos_v1:scarlet_persecutor":4,"minecraft:silverfish":2,"faded_conquest_2:mimic":4,"minecraft:piglin_brute":7,"born_in_chaos_v1:firelight_not_despawn":2,"minecraft:piglin":16,"born_in_chaos_v1:bonescaller":2,"minecraft:pig":6,"minecraft:creeper":6,"minecraft:sheep":15,"born_in_chaos_v1:dread_hound":9,"minecraft:stray":1,"alexsmobs:fly":3,"born_in_chaos_v1:siamese_skeletonsleft":2,"alexsmobs:jerboa":1,"alexsmobs:dropbear":1,"minecraft:slime":3,"born_in_chaos_v1:zombie_bruiser":2,"born_in_chaos_v1:maggot":40,"minecraft:phantom":2,"faded_conquest_2:doomharbor_lich":1,"born_in_chaos_v1:siamese_skeletons":1,"born_in_chaos_v1:fallen_chaos_knight":2,"faded_conquest_2:the_plauge_bringer":1,"born_in_chaos_v1:baby_skeleton":6,"born_in_chaos_v1:spirit_guide_assistant":3,"minecraft:bat":1,"minecraft:hoglin":69,"born_in_chaos_v1:decaying_zombie":4,"faded_conquest_2:infested":2,"born_in_chaos_v1:bonescaller_not_despawn":2,"born_in_chaos_v1:nightmare_stalker":3,"minecraft:wither_skeleton":89,"minecraft:villager":4},"minecraft:crafted":{"minecraft:diamond_shovel":1,"minecraft:bookshelf":34,"minecraft:cooked_mutton":19,"minecraft:diamond_helmet":2,"minecraft:diamond_leggings":2,"sophisticatedbackpacks:copper_backpack":1,"minecraft:emerald":495,"minecraft:diamond_axe":1,"minecraft:lectern":7,"minecraft:iron_pickaxe":2,"minecraft:iron_block":9,"minecraft:gold_ingot":54,"minecraft:netherite_ingot":2,"minecraft:stone_shovel":1,"minecraft:spruce_slab":66,"minecraft:stone_pickaxe":3,"minecraft:spruce_boat":4,"minecraft:dark_oak_planks":12,"minecraft:golden_helmet":1,"minecraft:wheat":234,"sophisticatedbackpacks:gold_backpack":1,"minecraft:enchanted_book":23,"minecraft:iron_leggings":2,"minecraft:white_bed":7,"minecraft:oak_planks":444,"minecraft:iron_boots":2,"minecraft:chest":8,"minecraft:smoker":3,"vinery:grapevine_stem":4,"minecraft:crafting_table":3,"minecraft:spruce_planks":136,"minecraft:wooden_pickaxe":1,"minecraft:gold_block":10,"minecraft:birch_planks":8,"minecraft:tnt":4,"enchantinginfuser:advanced_enchanting_infuser":1,"minecraft:iron_chestplate":1,"minecraft:diamond_pickaxe":1,"minecraft:emerald_block":17,"sophisticatedbackpacks:diamond_backpack":1,"minecraft:stick":108,"minecraft:iron_ingot":52,"minecraft:stone_sword":1,"minecraft:shears":1,"minecraft:coal":27,"minecraft:oak_trapdoor":8,"minecraft:netherite_chestplate":1,"minecraft:iron_axe":1,"sophisticatedbackpacks:iron_backpack":4,"minecraft:cooked_beef":16,"minecraft:iron_sword":2,"minecraft:mangrove_planks":8,"minecraft:bucket":2,"minecraft:stone_axe":1,"minecraft:bread":78,"minecraft:air":0,"minecraft:acacia_planks":100,"minecraft:torch":416},"minecraft:broken":{"minecraft:diamond_helmet":1,"minecraft:iron_boots":1,"minecraft:iron_sword":1,"minecraft:diamond_leggings":1,"minecraft:iron_axe":1,"minecraft:iron_pickaxe":1,"minecraft:iron_helmet":3,"minecraft:golden_helmet":1,"minecraft:golden_leggings":1,"minecraft:stone_pickaxe":2,"minecraft:diamond_boots":1,"minecraft:stone_axe":1,"minecraft:stone_shovel":1,"minecraft:diamond_chestplate":1,"minecraft:diamond_axe":1},"minecraft:picked_up":{"minecraft:birch_door":1,"minecraft:chainmail_boots":2,"minecraft:flower_pot":7,"minecraft:creeper_head":1,"minecraft:anvil":2,"minecraft:suspicious_stew":1,"minecraft:smithing_table":1,"minecraft:wither_rose":1,"minecraft:enchanted_book":2,"minecraft:brewing_stand":5,"minecraft:golden_sword":1,"minecraft:string":64,"minecraft:dark_oak_trapdoor":1,"minecraft:cooked_salmon":5,"minecraft:red_nether_bricks":9,"minecraft:shroomlight":2,"minecraft:gold_nugget":1,"minecraft:spruce_planks":16,"minecraft:enchanted_golden_apple":1,"minecraft:melon_slice":15,"minecraft:coal_block":20,"minecraft:mangrove_log":8,"minecraft:beehive":1,"born_in_chaos_v1:shattered_skull":3,"sophisticatedbackpacks:stack_upgrade_starter_tier":1,"minecraft:jukebox":1,"minecraft:acacia_log":4,"born_in_chaos_v1:pileof_dark_metal":3,"minecraft:golden_axe":1,"minecraft:lightning_rod":1,"minecraft:cherry_log":3,"minecraft:golden_chestplate":13,"minecraft:orange_bed":1,"minecraft:stone_sword":3,"minecraft:honey_bottle":2,"farmersdelight:onion":3,"minecraft:polished_basalt":3,"gamma_beasts:kiwi":2,"faded_conquest_2:skull_pile":8,"minecraft:iron_block":1,"minecraft:cyan_terracotta":17,"farmersdelight:rope":36,"gamma_beasts:coal_nugget":25,"supplementaries:ash":21,"minecraft:iron_bars":2,"minecraft:snowball":22,"minecraft:birch_log":4,"born_in_chaos_v1:staffof_magic_arrows":1,"minecraft:magma_block":5,"minecraft:feather":3,"minecraft:cooked_beef":2,"farmersdelight:rice":2,"minecraft:iron_door":3,"born_in_chaos_v1:spiritual_dust":11,"minecraft:smoker":1,"minecraft:flint":5,"alexsmobs:cooked_kangaroo_meat":1,"minecraft:gray_concrete":8,"minecraft:map":1,"minecraft:mangrove_slab":9,"minecraft:lantern":4,"born_in_chaos_v1:nightmare_stalker_skull":2,"faded_conquest_2:keyof_pestilence":2,"tetra:scroll_rolled":8,"minecraft:stonecutter":2,"minecraft:rabbit":2,"sophisticatedbackpacks:iron_backpack":3,"minecraft:loom":1,"minecraft:dark_oak_log":4,"alexsmobs:animal_dictionary":2,"minecraft:iron_hoe":1,"minecraft:stripped_acacia_log":7,"minecraft:polished_andesite":3,"alexsmobs:kangaroo_hide":1,"minecraft:dispenser":4,"minecraft:lever":2,"minecraft:granite":3,"sophisticatedbackpacks:advanced_feeding_upgrade":1,"minecraft:golden_horse_armor":2,"minecraft:chainmail_helmet":3,"minecraft:bread":15,"alexsmobs:maggot":6,"born_in_chaos_v1:rotten_fish":4,"minecraft:crimson_roots":1,"minecraft:crafting_table":13,"minecraft:redstone_lamp":18,"born_in_chaos_v1:seedof_chaos":14,"minecraft:leather_leggings":7,"minecraft:cornflower":1,"minecraft:red_bed":5,"gamma_beasts:acacia_leaf":2,"minecraft:flint_and_steel":1,"minecraft:netherite_scrap":8,"born_in_chaos_v1:intoxicating_decoction":5,"minecraft:cartography_table":1,"minecraft:netherite_sword":7,"minecraft:beef":20,"born_in_chaos_v1:gnawed_bones":5,"minecraft:iron_nugget":12,"minecraft:poppy":1,"minecraft:spruce_slab":35,"minecraft:chest":49,"supplementaries:rope":14,"minecraft:birch_sapling":1,"minecraft:piston":6,"minecraft:egg":2,"minecraft:sandstone":42,"minecraft:spruce_fence":1,"farmersdelight:tomato_seeds":3,"born_in_chaos_v1:pieceofdarkmetal":32,"minecraft:carrot":25,"minecraft:redstone":127,"minecraft:netherite_pickaxe":1,"minecraft:prismarine_crystals":5,"minecraft:tnt":29,"minecraft:stone_shovel":2,"minecraft:diamond_chestplate":1,"minecraft:cooked_cod":2,"minecraft:beetroot_seeds":2,"minecraft:decorated_pot":6,"born_in_chaos_v1:wood_splitter_axe":1,"minecraft:deepslate_bricks":6,"minecraft:diamond_boots":1,"minecraft:hay_block":18,"rpgsmw:zrikons_hears":1,"born_in_chaos_v1:spiny_shell":1,"minecraft:gold_ingot":144,"minecraft:glow_berries":10,"minecraft:mutton":20,"minecraft:rail":13,"minecraft:white_wool":13,"born_in_chaos_v1:monster_flesh":10,"minecraft:smooth_red_sandstone":1,"minecraft:tripwire_hook":5,"minecraft:acacia_wood":7,"minecraft:red_mushroom":3,"minecraft:torchflower":1,"minecraft:oak_log":148,"scalinghealth:bandages":7,"minecraft:golden_boots":3,"minecraft:paper":16,"minecraft:white_banner":2,"minecraft:apple":11,"minecraft:stone_bricks":7,"minecraft:stone_pickaxe":2,"minecraft:cobweb":36,"scalinghealth:power_crystal_shard":10,"beachparty:overgrown_disc":2,"minecraft:iron_sword":8,"minecraft:flowering_azalea":2,"minecraft:dark_oak_stairs":5,"minecraft:sweet_berries":10,"born_in_chaos_v1:orbofthe_summoner":3,"born_in_chaos_v1:ethereal_spirit":21,"minecraft:gravel":55,"minecraft:birch_stairs":4,"minecraft:spruce_sapling":6,"minecraft:spruce_log":4,"minecraft:crying_obsidian":7,"minecraft:leather_helmet":2,"minecraft:slime_ball":4,"born_in_chaos_v1:pile_of_skulls":1,"minecraft:stone_axe":2,"hauntedharvest:rotten_apple":1,"minecraft:painting":6,"minecraft:birch_sign":4,"minecraft:warped_roots":1,"minecraft:baked_potato":1,"minecraft:ender_pearl":5,"minecraft:wheat":4,"beachparty:rubber_ring_axolotl":2,"minecraft:redstone_block":2,"minecraft:potion":5,"minecraft:stone_brick_stairs":1,"born_in_chaos_v1:bloody_gadfly_eye":1,"minecraft:waxed_cut_copper_slab":1,"minecraft:raw_copper":68,"minecraft:smooth_stone_slab":1,"born_in_chaos_v1:dark_upgrade":1,"minecraft:armor_stand":8,"minecraft:sticky_piston":13,"minecraft:zombie_head":1,"minecraft:experience_bottle":31,"sophisticatedbackpacks:advanced_filter_upgrade":1,"minecraft:smooth_red_sandstone_slab":1,"minecraft:deepslate_tiles":6,"minecraft:bucket":2,"meds_and_herbs:plantago_leaves":2,"minecraft:rose_bush":1,"minecraft:redstone_torch":2,"minecraft:calcite":58,"minecraft:azalea":6,"minecraft:smooth_quartz":2,"alexsmobs:raccoon_tail":1,"minecraft:deepslate_tile_wall":1,"born_in_chaos_v1:stimulating_decoction":5,"minecraft:furnace":10,"minecraft:tipped_arrow":1,"minecraft:stick":43,"minecraft:polished_deepslate_stairs":1,"born_in_chaos_v1:phantom_powder":4,"minecraft:torch":38,"minecraft:spruce_stairs":8,"minecraft:porkchop":98,"minecraft:target":1,"minecraft:diorite":9,"born_in_chaos_v1:nightmare_claw":7,"born_in_chaos_v1:damned_demomans_hat_helmet":1,"minecraft:rotten_flesh":167,"born_in_chaos_v1:sea_terror_eye":2,"create:asurine":22,"alexsmobs:emu_egg":3,"create:veridium":1,"minecraft:mangrove_roots":13,"minecraft:obsidian":8,"minecraft:cod":2,"minecraft:cobblestone":609,"minecraft:nautilus_shell":1,"minecraft:enchanting_table":1,"minecraft:leather_chestplate":2,"minecraft:magma_cream":2,"minecraft:repeater":28,"minecraft:andesite":4,"minecraft:golden_leggings":1,"minecraft:chiseled_quartz_block":1,"minecraft:potato":9,"minecraft:smooth_sandstone_stairs":2,"minecraft:wither_skeleton_skull":2,"minecraft:lapis_lazuli":38,"skilltree:gem":18,"minecraft:dirt":450,"minecraft:polished_granite":2,"minecraft:name_tag":1,"born_in_chaos_v1:monster_skin":41,"minecraft:leather_boots":6,"minecraft:bone":290,"minecraft:acacia_planks":6,"minecraft:bow":3,"minecraft:wheat_seeds":19,"minecraft:bell":2,"minecraft:grindstone":1,"minecraft:fletching_table":2,"minecraft:cyan_candle":3,"minecraft:bamboo":5,"minecraft:oak_planks":25,"minecraft:cooked_porkchop":120,"minecraft:poisonous_potato":1,"minecraft:sand":9,"minecraft:grass_block":1,"minecraft:dark_prismarine":24,"minecraft:light_gray_concrete":8,"minecraft:dark_prismarine_slab":1,"born_in_chaos_v1:fire_dust":2,"minecraft:diamond":116,"minecraft:spruce_boat":5,"minecraft:slime_block":1,"minecraft:cracked_polished_blackstone_bricks":4,"minecraft:crossbow":6,"minecraft:bone_meal":1,"minecraft:golden_apple":34,"minecraft:spruce_sign":8,"minecraft:emerald":133,"minecraft:oak_sapling":44,"minecraft:netherrack":50,"born_in_chaos_v1:sea_terror_stomach":1,"minecraft:fishing_rod":1,"minecraft:chicken":3,"minecraft:rabbit_stew":1,"minecraft:chest_minecart":1,"minecraft:wooden_pickaxe":1,"alexsmobs:roadrunner_feather":3,"minecraft:cooked_rabbit":3,"minecraft:gold_block":1,"minecraft:diamond_horse_armor":1,"minecraft:chain":3,"minecraft:brick":4,"minecraft:shield":3,"minecraft:iron_axe":2,"minecraft:wooden_sword":1,"faded_conquest_2:key_of_death":1,"minecraft:cyan_carpet":6,"minecraft:blackstone":16,"scalinghealth:chance_heart":1,"minecraft:player_head":14,"minecraft:observer":2,"minecraft:lectern":134,"crittersandcompanions:clam":1,"minecraft:spruce_trapdoor":3,"minecraft:raw_iron":34,"minecraft:stripped_mangrove_wood":7,"minecraft:note_block":3,"minecraft:polished_blackstone_bricks":12,"minecraft:stone_button":3,"minecraft:iron_horse_armor":2,"minecraft:dark_oak_planks":70,"minecraft:arrow":210,"minecraft:pumpkin_pie":3,"minecraft:stripped_dark_oak_wood":3,"minecraft:saddle":3,"minecraft:glistering_melon_slice":6,"minecraft:black_banner":1,"scalinghealth:power_crystal":1,"minecraft:skeleton_skull":10,"born_in_chaos_v1:fused_bone":8,"minecraft:netherite_boots":13,"born_in_chaos_v1:corpse_maggot":34,"minecraft:air":0,"minecraft:basalt":1,"minecraft:golden_carrot":1,"minecraft:leather":73,"vinery:jungle_grape_seeds_red":2,"minecraft:birch_planks":8,"minecraft:mushroom_stew":2,"minecraft:chainmail_chestplate":1,"minecraft:yellow_bed":4,"minecraft:gunpowder":22,"scalinghealth:heart_crystal":25,"minecraft:cooked_mutton":11,"minecraft:smooth_sandstone":3,"minecraft:red_carpet":6,"minecraft:rabbit_hide":2,"minecraft:heart_of_the_sea":1,"minecraft:iron_ingot":148,"supplementaries:present_magenta":2,"minecraft:book":416,"scalinghealth:heart_crystal_shard":29,"minecraft:emerald_block":56,"minecraft:chiseled_stone_bricks":1,"born_in_chaos_v1:lifestealer_bone":5,"born_in_chaos_v1:dark_rod":7,"minecraft:amethyst_shard":2,"minecraft:blast_furnace":12,"minecraft:white_bed":3,"minecraft:spider_eye":15,"minecraft:honey_block":1,"minecraft:chainmail_leggings":2,"minecraft:iron_helmet":2,"minecraft:damaged_anvil":3,"minecraft:coal":178}},"DataVersion":3465}