{"stats":{"minecraft:used":{"minecraft:stone_sword":57,"minecraft:iron_shovel":259,"minecraft:stone_shovel":99,"minecraft:chest":1,"minecraft:spruce_planks":538,"minecraft:shield":11,"minecraft:iron_sword":147,"minecraft:rotten_flesh":2,"minecraft:torch":110,"minecraft:dirt":28,"scalinghealth:heart_crystal":2,"minecraft:jungle_planks":4,"minecraft:spruce_stairs":26,"minecraft:iron_axe":361,"minecraft:sweet_berries":48,"minecraft:furnace":3,"minecraft:cobbled_deepslate":5,"minecraft:stone_pickaxe":107,"minecraft:oak_planks":46,"minecraft:wooden_pickaxe":15,"minecraft:stonecutter":1,"minecraft:crafting_table":6,"minecraft:dark_prismarine":20,"minecraft:bread":20,"minecraft:iron_pickaxe":144,"minecraft:stone_axe":116,"minecraft:wooden_sword":20,"minecraft:cobblestone":43,"minecraft:cobweb":2},"minecraft:picked_up":{"minecraft:crafting_table":3,"minecraft:ladder":2,"minecraft:nether_wart":2,"minecraft:potion":4,"minecraft:brewing_stand":2,"minecraft:string":5,"minecraft:iron_axe":2,"born_in_chaos_v1:intoxicating_decoction":1,"minecraft:cobbled_deepslate":9,"minecraft:spruce_planks":40,"born_in_chaos_v1:gnawed_bones":1,"minecraft:furnace":2,"minecraft:egg":2,"minecraft:stick":6,"minecraft:raw_iron":14,"born_in_chaos_v1:shattered_skull":1,"minecraft:torch":1,"minecraft:spruce_stairs":8,"minecraft:porkchop":6,"minecraft:cherry_log":2,"born_in_chaos_v1:pieceofdarkmetal":6,"minecraft:arrow":14,"minecraft:rotten_flesh":24,"minecraft:hay_block":5,"gamma_beasts:coal_nugget":14,"minecraft:snowball":114,"minecraft:mutton":5,"minecraft:white_wool":2,"minecraft:cobblestone":128,"minecraft:skeleton_skull":1,"born_in_chaos_v1:corpse_maggot":12,"minecraft:brown_wool":1,"minecraft:leather":9,"minecraft:birch_planks":2,"create:raw_zinc":20,"jeg:scrap":13,"minecraft:gunpowder":2,"scalinghealth:heart_crystal":2,"skilltree:gem":8,"minecraft:dirt":224,"brewery:hops_seeds":4,"minecraft:bone":25,"minecraft:gray_carpet":1,"minecraft:wheat_seeds":18,"minecraft:iron_ingot":1,"scalinghealth:power_crystal_shard":6,"minecraft:glass_bottle":5,"minecraft:oak_planks":29,"jeg:tech_trash":1,"scalinghealth:heart_crystal_shard":6,"minecraft:warped_fungus":3,"minecraft:sweet_berries":65,"born_in_chaos_v1:ethereal_spirit":1,"born_in_chaos_v1:dark_rod":2,"minecraft:jungle_planks":11,"minecraft:stripped_spruce_log":1,"minecraft:spruce_sapling":4,"minecraft:spruce_log":177,"minecraft:dark_oak_log":7,"minecraft:barrel":1,"minecraft:dark_prismarine":23,"minecraft:oak_wood":8,"minecraft:sugar":3,"minecraft:slime_ball":8,"born_in_chaos_v1:pile_of_skulls":1,"minecraft:bone_meal":1,"minecraft:gray_wool":1,"minecraft:emerald":1,"minecraft:bricks":2,"minecraft:coal":76},"minecraft:mined":{"create:zinc_ore":17,"minecraft:dark_prismarine":24,"create:deepslate_zinc_ore":4,"minecraft:spruce_planks":31,"minecraft:brewing_stand":2,"minecraft:grass_block":203,"minecraft:jungle_planks":11,"minecraft:spruce_leaves":1,"born_in_chaos_v1:gnawed_bones":1,"born_in_chaos_v1:pile_of_skulls":1,"minecraft:hay_block":5,"minecraft:furnace":2,"minecraft:iron_ore":8,"minecraft:barrel":1,"minecraft:snow":119,"treechop:chopped_log":152,"minecraft:deepslate_iron_ore":6,"minecraft:azalea_leaves":1,"minecraft:stone":126,"jeg:scrap_ore":3,"brewery:wild_hops":2,"minecraft:crafting_table":3,"minecraft:torch":1,"minecraft:oak_wood":9,"minecraft:tall_grass":72,"minecraft:cobblestone":4,"minecraft:deepslate_coal_ore":8,"minecraft:oak_planks":29,"minecraft:bricks":2,"minecraft:skeleton_skull":1,"minecraft:spruce_stairs":9,"jeg:deepslate_scrap_ore":5,"minecraft:birch_planks":2,"minecraft:sweet_berry_bush":32,"minecraft:spruce_log":35,"minecraft:grass":126,"minecraft:coal_ore":40,"minecraft:mycelium":3,"minecraft:dirt":28,"minecraft:gray_carpet":1,"minecraft:cobweb":5,"minecraft:deepslate":9,"minecraft:deepslate_emerald_ore":1},"minecraft:dropped":{"minecraft:iron_axe":1,"minecraft:bone":1,"minecraft:sweet_berries":1},"minecraft:crafted":{"minecraft:cherry_planks":8,"minecraft:oak_planks":32,"minecraft:stone_shovel":1,"minecraft:furnace":1,"minecraft:stone":3,"minecraft:spruce_stairs":40,"minecraft:iron_axe":1,"minecraft:stone_pickaxe":1,"minecraft:chest":2,"sophisticatedbackpacks:iron_backpack":1,"minecraft:wheat":45,"minecraft:crafting_table":3,"minecraft:spruce_planks":708,"minecraft:wooden_pickaxe":1,"minecraft:stone_axe":1,"minecraft:air":0,"minecraft:bread":15,"minecraft:stick":48,"minecraft:iron_ingot":6,"minecraft:iron_pickaxe":1,"minecraft:wooden_axe":1,"minecraft:stone_sword":1,"minecraft:iron_shovel":1,"minecraft:stonecutter":1,"minecraft:torch":116},"minecraft:killed":{"born_in_chaos_v1:zombie_clown":1,"born_in_chaos_v1:zombie_lumberjack":1,"born_in_chaos_v1:zombie_clown_not_despawn":1,"born_in_chaos_v1:skeleton_thrasher_not_despawn":1,"minecraft:slime":11,"born_in_chaos_v1:zombie_bruiser":1,"born_in_chaos_v1:maggot":5,"minecraft:skeleton":5,"minecraft:horse":5,"born_in_chaos_v1:bonescaller":1,"minecraft:pig":3,"born_in_chaos_v1:baby_skeleton":1,"born_in_chaos_v1:decrepit_skeleton":2,"minecraft:sheep":4,"minecraft:zombie":9,"born_in_chaos_v1:corpse_fly":6,"born_in_chaos_v1:dark_vortex":1,"minecraft:enderman":1,"minecraft:cow":2},"minecraft:broken":{"minecraft:iron_shovel":1,"minecraft:iron_axe":1,"minecraft:leather_boots":1,"minecraft:stone_axe":1},"minecraft:custom":{"minecraft:mob_kills":62,"minecraft:interact_with_crafting_table":26,"minecraft:open_barrel":25,"minecraft:damage_dealt_resisted":1941,"minecraft:time_since_death":54294,"minecraft:climb_one_cm":2241,"minecraft:sprint_one_cm":206938,"minecraft:walk_one_cm":392460,"minecraft:damage_blocked_by_shield":374,"minecraft:drop":3,"minecraft:play_time":138430,"minecraft:deaths":4,"minecraft:sneak_time":1381,"minecraft:walk_under_water_one_cm":3151,"minecraft:interact_with_brewingstand":2,"minecraft:jump":1567,"minecraft:walk_on_water_one_cm":8197,"minecraft:total_world_time":138430,"minecraft:interact_with_furnace":8,"minecraft:interact_with_stonecutter":2,"minecraft:time_since_rest":54323,"minecraft:damage_taken":4247,"minecraft:damage_dealt":9520,"minecraft:fly_one_cm":282825,"minecraft:swim_one_cm":7804,"minecraft:open_chest":42,"minecraft:crouch_one_cm":3115,"minecraft:fall_one_cm":49416}},"DataVersion":3465}