{"stats":{"minecraft:used":{"minecraft:stone_sword":57,"minecraft:stone_pickaxe":107,"minecraft:oak_planks":30,"minecraft:wooden_pickaxe":15,"minecraft:shield":10,"minecraft:iron_sword":14,"minecraft:rotten_flesh":2,"minecraft:torch":80,"minecraft:crafting_table":3,"minecraft:jungle_planks":4,"minecraft:dark_prismarine":20,"minecraft:iron_axe":19,"minecraft:bread":11,"minecraft:iron_pickaxe":63,"minecraft:stone_axe":116,"minecraft:wooden_sword":20,"minecraft:cobblestone":43,"minecraft:sweet_berries":46,"minecraft:furnace":1,"minecraft:cobbled_deepslate":5},"minecraft:picked_up":{"born_in_chaos_v1:corpse_maggot":10,"minecraft:crafting_table":2,"minecraft:ladder":2,"minecraft:leather":4,"minecraft:birch_planks":2,"create:raw_zinc":20,"jeg:scrap":13,"skilltree:gem":7,"minecraft:bone":14,"minecraft:cobbled_deepslate":9,"minecraft:spruce_planks":11,"scalinghealth:power_crystal_shard":6,"minecraft:oak_planks":28,"jeg:tech_trash":1,"minecraft:egg":2,"minecraft:furnace":1,"minecraft:raw_iron":8,"minecraft:sweet_berries":65,"born_in_chaos_v1:ethereal_spirit":1,"minecraft:jungle_planks":11,"born_in_chaos_v1:dark_rod":2,"minecraft:cherry_log":2,"minecraft:spruce_log":34,"born_in_chaos_v1:pieceofdarkmetal":1,"minecraft:dark_prismarine":23,"minecraft:oak_wood":8,"minecraft:arrow":9,"minecraft:rotten_flesh":8,"minecraft:slime_ball":8,"gamma_beasts:coal_nugget":14,"minecraft:emerald":1,"minecraft:bricks":2,"minecraft:coal":76,"minecraft:cobblestone":60},"minecraft:mined":{"create:zinc_ore":17,"minecraft:dark_prismarine":24,"create:deepslate_zinc_ore":4,"minecraft:spruce_planks":2,"jeg:scrap_ore":3,"minecraft:crafting_table":2,"minecraft:oak_wood":9,"minecraft:jungle_planks":11,"minecraft:cobblestone":4,"minecraft:deepslate_coal_ore":8,"minecraft:spruce_leaves":1,"minecraft:oak_planks":28,"minecraft:bricks":2,"minecraft:spruce_stairs":1,"jeg:deepslate_scrap_ore":5,"minecraft:birch_planks":2,"minecraft:furnace":1,"minecraft:iron_ore":8,"minecraft:sweet_berry_bush":32,"minecraft:spruce_log":4,"treechop:chopped_log":30,"minecraft:grass":9,"minecraft:coal_ore":40,"minecraft:azalea_leaves":1,"minecraft:stone":57,"minecraft:deepslate_emerald_ore":1,"minecraft:deepslate":9},"minecraft:dropped":{"minecraft:sweet_berries":1},"minecraft:crafted":{"minecraft:cherry_planks":8,"minecraft:oak_planks":32,"minecraft:crafting_table":2,"minecraft:spruce_planks":16,"minecraft:wooden_pickaxe":1,"minecraft:furnace":1,"minecraft:stone_axe":1,"minecraft:air":0,"minecraft:iron_axe":1,"minecraft:stick":44,"minecraft:iron_ingot":6,"minecraft:iron_pickaxe":1,"minecraft:stone_pickaxe":1,"minecraft:wooden_axe":1,"minecraft:stone_sword":1,"minecraft:torch":116},"minecraft:killed":{"born_in_chaos_v1:bonescaller":1,"born_in_chaos_v1:zombie_lumberjack":1,"born_in_chaos_v1:baby_skeleton":1,"minecraft:slime":11,"born_in_chaos_v1:decrepit_skeleton":1,"born_in_chaos_v1:maggot":2,"minecraft:skeleton":3,"minecraft:zombie":6,"born_in_chaos_v1:corpse_fly":6,"born_in_chaos_v1:dark_vortex":1,"minecraft:enderman":1,"minecraft:cow":2},"minecraft:broken":{"minecraft:stone_axe":1,"minecraft:leather_boots":1},"minecraft:custom":{"minecraft:interact_with_furnace":5,"minecraft:mob_kills":37,"minecraft:interact_with_crafting_table":11,"minecraft:damage_dealt_resisted":117,"minecraft:time_since_death":9237,"minecraft:time_since_rest":9301,"minecraft:sprint_one_cm":115079,"minecraft:damage_taken":3205,"minecraft:walk_one_cm":161491,"minecraft:damage_blocked_by_shield":334,"minecraft:drop":1,"minecraft:damage_dealt":4125,"minecraft:swim_one_cm":3250,"minecraft:fly_one_cm":157639,"minecraft:open_chest":24,"minecraft:crouch_one_cm":964,"minecraft:play_time":66430,"minecraft:deaths":3,"minecraft:sneak_time":559,"minecraft:walk_under_water_one_cm":2934,"minecraft:jump":885,"minecraft:walk_on_water_one_cm":4721,"minecraft:total_world_time":66430,"minecraft:fall_one_cm":22742}},"DataVersion":3465}