{"stats":{"minecraft:used":{"minecraft:stone_sword":57,"minecraft:iron_shovel":158,"minecraft:stone_pickaxe":107,"minecraft:oak_planks":46,"minecraft:spruce_planks":140,"minecraft:wooden_pickaxe":15,"minecraft:shield":11,"minecraft:iron_sword":105,"minecraft:rotten_flesh":2,"minecraft:torch":99,"minecraft:dirt":3,"scalinghealth:heart_crystal":1,"minecraft:crafting_table":5,"minecraft:jungle_planks":4,"minecraft:dark_prismarine":20,"minecraft:iron_axe":78,"minecraft:bread":14,"minecraft:iron_pickaxe":75,"minecraft:stone_axe":116,"minecraft:wooden_sword":20,"minecraft:cobblestone":43,"minecraft:sweet_berries":48,"minecraft:furnace":1,"minecraft:cobbled_deepslate":5,"minecraft:cobweb":2},"minecraft:picked_up":{"born_in_chaos_v1:corpse_maggot":12,"minecraft:crafting_table":2,"minecraft:nether_wart":2,"minecraft:ladder":2,"minecraft:leather":9,"minecraft:birch_planks":2,"minecraft:potion":4,"create:raw_zinc":20,"minecraft:brewing_stand":2,"jeg:scrap":13,"minecraft:gunpowder":2,"scalinghealth:heart_crystal":1,"skilltree:gem":8,"minecraft:dirt":158,"minecraft:string":5,"minecraft:iron_axe":2,"brewery:hops_seeds":4,"born_in_chaos_v1:intoxicating_decoction":1,"minecraft:bone":20,"minecraft:gray_carpet":1,"minecraft:wheat_seeds":15,"minecraft:cobbled_deepslate":9,"minecraft:spruce_planks":17,"born_in_chaos_v1:gnawed_bones":1,"scalinghealth:power_crystal_shard":6,"minecraft:glass_bottle":5,"minecraft:oak_planks":29,"jeg:tech_trash":1,"minecraft:egg":2,"minecraft:furnace":2,"minecraft:warped_fungus":3,"minecraft:raw_iron":14,"born_in_chaos_v1:shattered_skull":1,"minecraft:sweet_berries":65,"born_in_chaos_v1:ethereal_spirit":1,"minecraft:porkchop":6,"minecraft:jungle_planks":11,"born_in_chaos_v1:dark_rod":2,"minecraft:cherry_log":2,"minecraft:spruce_log":57,"born_in_chaos_v1:pieceofdarkmetal":4,"minecraft:barrel":1,"minecraft:dark_prismarine":23,"minecraft:oak_wood":8,"minecraft:sugar":3,"minecraft:arrow":12,"minecraft:rotten_flesh":13,"minecraft:slime_ball":8,"born_in_chaos_v1:pile_of_skulls":1,"minecraft:hay_block":5,"minecraft:bone_meal":1,"gamma_beasts:coal_nugget":14,"minecraft:emerald":1,"minecraft:skeleton_skull":1,"minecraft:bricks":2,"minecraft:coal":76,"minecraft:cobblestone":60},"minecraft:mined":{"create:zinc_ore":17,"minecraft:dark_prismarine":24,"create:deepslate_zinc_ore":4,"minecraft:spruce_planks":8,"jeg:scrap_ore":3,"brewery:wild_hops":2,"minecraft:brewing_stand":2,"minecraft:crafting_table":2,"minecraft:grass_block":154,"minecraft:oak_wood":9,"minecraft:jungle_planks":11,"minecraft:tall_grass":55,"minecraft:cobblestone":4,"minecraft:deepslate_coal_ore":8,"minecraft:spruce_leaves":1,"minecraft:oak_planks":29,"minecraft:bricks":2,"born_in_chaos_v1:gnawed_bones":1,"minecraft:hay_block":5,"born_in_chaos_v1:pile_of_skulls":1,"minecraft:skeleton_skull":1,"minecraft:spruce_stairs":1,"jeg:deepslate_scrap_ore":5,"minecraft:birch_planks":2,"minecraft:furnace":2,"minecraft:barrel":1,"minecraft:iron_ore":8,"minecraft:sweet_berry_bush":32,"minecraft:spruce_log":7,"treechop:chopped_log":50,"minecraft:grass":92,"minecraft:mycelium":3,"minecraft:deepslate_iron_ore":6,"minecraft:coal_ore":40,"minecraft:dirt":1,"minecraft:gray_carpet":1,"minecraft:cobweb":5,"minecraft:azalea_leaves":1,"minecraft:stone":57,"minecraft:deepslate_emerald_ore":1,"minecraft:deepslate":9},"minecraft:dropped":{"minecraft:sweet_berries":1,"minecraft:iron_axe":1,"minecraft:bone":1},"minecraft:crafted":{"minecraft:cherry_planks":8,"minecraft:oak_planks":32,"minecraft:crafting_table":3,"minecraft:spruce_planks":228,"minecraft:wooden_pickaxe":1,"minecraft:furnace":1,"minecraft:stone_axe":1,"minecraft:bread":15,"minecraft:air":0,"minecraft:iron_axe":1,"minecraft:stick":44,"minecraft:iron_shovel":1,"minecraft:iron_ingot":6,"minecraft:iron_pickaxe":1,"minecraft:stone_pickaxe":1,"minecraft:wooden_axe":1,"minecraft:stone_sword":1,"minecraft:chest":1,"minecraft:torch":116,"minecraft:wheat":45,"sophisticatedbackpacks:iron_backpack":1},"minecraft:killed":{"born_in_chaos_v1:bonescaller":1,"minecraft:pig":3,"born_in_chaos_v1:zombie_lumberjack":1,"born_in_chaos_v1:baby_skeleton":1,"born_in_chaos_v1:zombie_clown_not_despawn":1,"born_in_chaos_v1:skeleton_thrasher_not_despawn":1,"minecraft:slime":11,"born_in_chaos_v1:decrepit_skeleton":1,"born_in_chaos_v1:maggot":5,"minecraft:horse":5,"minecraft:skeleton":4,"minecraft:zombie":7,"born_in_chaos_v1:corpse_fly":6,"born_in_chaos_v1:dark_vortex":1,"minecraft:enderman":1,"minecraft:cow":2},"minecraft:broken":{"minecraft:stone_axe":1,"minecraft:leather_boots":1},"minecraft:custom":{"minecraft:interact_with_furnace":5,"minecraft:mob_kills":52,"minecraft:interact_with_crafting_table":19,"minecraft:open_barrel":25,"minecraft:damage_dealt_resisted":1941,"minecraft:time_since_death":18294,"minecraft:climb_one_cm":2241,"minecraft:time_since_rest":18323,"minecraft:sprint_one_cm":159766,"minecraft:damage_taken":3785,"minecraft:walk_one_cm":251674,"minecraft:damage_blocked_by_shield":374,"minecraft:drop":3,"minecraft:damage_dealt":7110,"minecraft:swim_one_cm":7804,"minecraft:fly_one_cm":212200,"minecraft:open_chest":40,"minecraft:crouch_one_cm":964,"minecraft:play_time":102430,"minecraft:deaths":4,"minecraft:sneak_time":573,"minecraft:walk_under_water_one_cm":3085,"minecraft:jump":1168,"minecraft:interact_with_brewingstand":2,"minecraft:walk_on_water_one_cm":7986,"minecraft:total_world_time":102430,"minecraft:fall_one_cm":34557}},"DataVersion":3465}