{"stats":{"minecraft:used":{"minecraft:stone_sword":3,"minecraft:bread":3,"minecraft:stone_shovel":99,"minecraft:stone_pickaxe":1,"minecraft:shield":2,"minecraft:wooden_pickaxe":10,"minecraft:gravel":17,"minecraft:stone_axe":9,"minecraft:wooden_sword":13,"minecraft:dirt":60,"minecraft:crafting_table":1},"minecraft:dropped":{"minecraft:string":1},"minecraft:mined":{"minecraft:black_stained_glass_pane":1,"minecraft:spruce_log":3,"treechop:chopped_log":8,"minecraft:crafting_table":1,"minecraft:grass":2,"minecraft:grass_block":61,"minecraft:oak_log":5,"minecraft:gravel":34,"minecraft:dirt":3,"minecraft:stone":11},"minecraft:custom":{"minecraft:time_since_rest":2733,"minecraft:sprint_one_cm":20845,"minecraft:damage_taken":638,"minecraft:walk_one_cm":26219,"minecraft:damage_blocked_by_shield":80,"minecraft:mob_kills":3,"minecraft:drop":1,"minecraft:damage_dealt":283,"minecraft:swim_one_cm":1193,"minecraft:fly_one_cm":43411,"minecraft:interact_with_crafting_table":2,"minecraft:open_chest":1,"minecraft:crouch_one_cm":177,"minecraft:play_time":17359,"minecraft:deaths":1,"minecraft:sneak_time":222,"minecraft:walk_under_water_one_cm":553,"minecraft:jump":237,"minecraft:walk_on_water_one_cm":5679,"minecraft:time_since_death":4569,"minecraft:sleep_in_bed":1,"minecraft:total_world_time":17359,"minecraft:fall_one_cm":5924},"minecraft:picked_up":{"minecraft:stick":3,"minecraft:crafting_table":2,"minecraft:wooden_pickaxe":1,"minecraft:gravel":34,"minecraft:flint":4,"minecraft:oak_log":18,"scalinghealth:heart_crystal":1,"minecraft:shield":1,"minecraft:spruce_log":4,"minecraft:string":1,"alexsmobs:animal_dictionary":1,"minecraft:dirt":94,"minecraft:wooden_sword":1,"minecraft:leather_boots":1,"minecraft:stone_sword":1,"minecraft:arrow":2,"minecraft:stone_shovel":1,"minecraft:stone_axe":1,"minecraft:wheat_seeds":6,"minecraft:spruce_planks":7,"minecraft:beef":2,"minecraft:stone_pickaxe":1,"minecraft:bread":9,"minecraft:cobblestone":13},"minecraft:killed":{"minecraft:skeleton":1,"minecraft:spider":1,"minecraft:cow":1},"minecraft:crafted":{"minecraft:oak_planks":24,"minecraft:crafting_table":1,"minecraft:spruce_planks":16,"minecraft:stick":12,"minecraft:wooden_pickaxe":1,"minecraft:stone_pickaxe":1,"minecraft:stone_sword":1}},"DataVersion":3465}