{"stats":{"minecraft:used":{"minecraft:stone_sword":57,"minecraft:iron_shovel":259,"minecraft:spruce_slab":20,"minecraft:stone_shovel":331,"minecraft:chest":2,"minecraft:spruce_planks":814,"minecraft:shield":11,"minecraft:iron_sword":208,"minecraft:rotten_flesh":2,"minecraft:torch":112,"minecraft:dirt":47,"minecraft:anvil":1,"scalinghealth:heart_crystal":2,"minecraft:jungle_planks":4,"minecraft:spruce_stairs":140,"minecraft:iron_axe":691,"farmersdelight:cutting_board":1,"minecraft:sweet_berries":48,"minecraft:furnace":9,"minecraft:cobbled_deepslate":5,"minecraft:stone_pickaxe":107,"minecraft:oak_planks":46,"minecraft:wooden_pickaxe":15,"minecraft:stonecutter":1,"minecraft:crafting_table":8,"minecraft:blast_furnace":2,"minecraft:white_bed":2,"minecraft:cake":1,"minecraft:dark_prismarine":20,"minecraft:bread":33,"minecraft:iron_pickaxe":154,"jeg:scrap_workbench":1,"minecraft:stone_axe":116,"minecraft:wooden_sword":20,"minecraft:cobblestone":43,"minecraft:cobweb":2},"minecraft:picked_up":{"minecraft:charcoal":14,"minecraft:crafting_table":5,"minecraft:anvil":1,"minecraft:ladder":2,"minecraft:nether_wart":2,"born_in_chaos_v1:seedof_chaos":1,"minecraft:potion":4,"jeg:scrap_workbench":1,"minecraft:brewing_stand":2,"farmersdelight:cutting_board":1,"minecraft:string":5,"minecraft:iron_axe":2,"born_in_chaos_v1:intoxicating_decoction":1,"minecraft:cobbled_deepslate":9,"minecraft:spruce_planks":72,"born_in_chaos_v1:gnawed_bones":1,"minecraft:phantom_membrane":2,"minecraft:furnace":8,"minecraft:egg":2,"minecraft:stick":9,"minecraft:raw_iron":14,"minecraft:stone":1,"born_in_chaos_v1:shattered_skull":1,"minecraft:torch":2,"minecraft:acacia_log":2,"minecraft:spruce_stairs":21,"minecraft:porkchop":6,"minecraft:cherry_log":2,"born_in_chaos_v1:pieceofdarkmetal":6,"minecraft:arrow":14,"minecraft:rotten_flesh":30,"minecraft:hay_block":5,"gamma_beasts:coal_nugget":14,"minecraft:snowball":421,"minecraft:mutton":5,"minecraft:white_wool":2,"minecraft:cobblestone":128,"minecraft:skeleton_skull":1,"born_in_chaos_v1:corpse_maggot":13,"born_in_chaos_v1:monster_flesh":2,"minecraft:brown_wool":1,"minecraft:leather":9,"minecraft:birch_planks":2,"create:raw_zinc":20,"minecraft:oak_log":2,"scalinghealth:bandages":2,"farmersdelight:cooked_bacon":4,"jeg:scrap":13,"minecraft:gunpowder":2,"scalinghealth:heart_crystal":2,"skilltree:gem":8,"minecraft:dirt":233,"born_in_chaos_v1:monster_skin":2,"brewery:hops_seeds":4,"minecraft:hanging_roots":23,"minecraft:bone":27,"minecraft:gray_carpet":1,"minecraft:stonecutter":1,"minecraft:wheat_seeds":32,"minecraft:iron_ingot":2,"scalinghealth:power_crystal_shard":6,"minecraft:glass_bottle":5,"minecraft:oak_planks":29,"jeg:tech_trash":1,"scalinghealth:heart_crystal_shard":6,"minecraft:warped_fungus":3,"minecraft:sweet_berries":65,"born_in_chaos_v1:ethereal_spirit":4,"born_in_chaos_v1:dark_rod":3,"minecraft:jungle_planks":11,"minecraft:stripped_spruce_log":1,"minecraft:spruce_sapling":8,"minecraft:blast_furnace":2,"minecraft:white_bed":2,"minecraft:spruce_log":328,"minecraft:dark_oak_log":7,"minecraft:barrel":1,"minecraft:dark_prismarine":23,"minecraft:oak_wood":8,"minecraft:sugar":3,"minecraft:slime_ball":10,"born_in_chaos_v1:pile_of_skulls":1,"minecraft:bone_meal":1,"minecraft:gray_wool":1,"minecraft:emerald":1,"minecraft:bricks":2,"minecraft:coal":85},"minecraft:mined":{"create:zinc_ore":17,"minecraft:dark_prismarine":24,"create:deepslate_zinc_ore":4,"minecraft:spruce_planks":64,"minecraft:white_bed":2,"minecraft:brewing_stand":2,"minecraft:grass_block":203,"minecraft:jungle_planks":11,"minecraft:spruce_leaves":1,"born_in_chaos_v1:gnawed_bones":1,"born_in_chaos_v1:pile_of_skulls":1,"minecraft:hay_block":5,"minecraft:furnace":8,"minecraft:iron_ore":8,"minecraft:barrel":1,"minecraft:snow":340,"treechop:chopped_log":261,"minecraft:anvil":1,"minecraft:deepslate_iron_ore":6,"minecraft:azalea_leaves":1,"minecraft:stone":126,"jeg:scrap_ore":3,"brewery:wild_hops":2,"minecraft:crafting_table":5,"minecraft:torch":2,"minecraft:blast_furnace":2,"minecraft:oak_wood":9,"minecraft:campfire":1,"minecraft:tall_grass":97,"minecraft:cobblestone":4,"minecraft:deepslate_coal_ore":8,"minecraft:oak_planks":29,"minecraft:bricks":2,"minecraft:skeleton_skull":1,"minecraft:spruce_stairs":22,"jeg:deepslate_scrap_ore":5,"minecraft:birch_planks":2,"jeg:scrap_workbench":1,"minecraft:sweet_berry_bush":32,"minecraft:spruce_log":77,"minecraft:grass":183,"minecraft:coal_ore":40,"minecraft:mycelium":3,"minecraft:dirt":37,"minecraft:gray_carpet":1,"minecraft:cobweb":5,"minecraft:stonecutter":1,"minecraft:deepslate":9,"minecraft:deepslate_emerald_ore":1},"minecraft:dropped":{"minecraft:snowball":151,"minecraft:iron_axe":1,"minecraft:bone":1,"minecraft:sweet_berries":1,"minecraft:spruce_planks":1},"minecraft:crafted":{"minecraft:cherry_planks":8,"minecraft:oak_planks":32,"minecraft:stone_shovel":2,"minecraft:furnace":1,"minecraft:stone":3,"minecraft:spruce_stairs":148,"minecraft:iron_axe":2,"minecraft:spruce_slab":60,"minecraft:stone_pickaxe":1,"minecraft:chest":3,"sophisticatedbackpacks:iron_backpack":1,"minecraft:wheat":45,"minecraft:crafting_table":3,"minecraft:spruce_planks":1312,"minecraft:wooden_pickaxe":1,"minecraft:stone_axe":1,"minecraft:air":0,"minecraft:bread":15,"minecraft:stick":64,"minecraft:iron_ingot":6,"minecraft:iron_pickaxe":1,"minecraft:wooden_axe":1,"minecraft:stone_sword":1,"minecraft:snow_block":28,"minecraft:iron_shovel":1,"minecraft:stonecutter":1,"minecraft:acacia_planks":8,"minecraft:torch":116},"minecraft:killed":{"born_in_chaos_v1:zombie_clown":1,"born_in_chaos_v1:restless_spirit":1,"born_in_chaos_v1:zombie_lumberjack":2,"born_in_chaos_v1:zombie_clown_not_despawn":1,"born_in_chaos_v1:skeleton_thrasher_not_despawn":1,"minecraft:slime":12,"born_in_chaos_v1:zombie_bruiser":1,"minecraft:phantom":3,"born_in_chaos_v1:maggot":7,"minecraft:skeleton":5,"minecraft:horse":5,"born_in_chaos_v1:spiritof_chaos":1,"born_in_chaos_v1:bonescaller":1,"minecraft:pig":3,"minecraft:zombie_villager":1,"born_in_chaos_v1:baby_skeleton":2,"born_in_chaos_v1:decrepit_skeleton":3,"minecraft:sheep":4,"minecraft:zombie":12,"born_in_chaos_v1:corpse_fly":7,"born_in_chaos_v1:dark_vortex":2,"minecraft:enderman":1,"minecraft:cow":2},"minecraft:broken":{"minecraft:iron_shovel":1,"minecraft:iron_axe":2,"minecraft:leather_boots":1,"minecraft:stone_axe":1,"minecraft:stone_shovel":2},"minecraft:custom":{"minecraft:interact_with_anvil":1,"minecraft:mob_kills":80,"minecraft:interact_with_crafting_table":35,"minecraft:open_barrel":25,"minecraft:eat_cake_slice":4,"minecraft:damage_dealt_resisted":2269,"minecraft:time_since_death":108294,"minecraft:climb_one_cm":2241,"minecraft:sprint_one_cm":298578,"minecraft:walk_one_cm":612647,"minecraft:damage_blocked_by_shield":374,"minecraft:drop":14,"minecraft:play_time":192430,"minecraft:deaths":4,"minecraft:sneak_time":3359,"minecraft:walk_under_water_one_cm":3151,"minecraft:interact_with_brewingstand":2,"minecraft:jump":1882,"minecraft:interact_with_blast_furnace":4,"minecraft:walk_on_water_one_cm":8355,"minecraft:total_world_time":192430,"minecraft:interact_with_furnace":10,"minecraft:interact_with_stonecutter":2,"minecraft:time_since_rest":108323,"minecraft:damage_taken":5080,"minecraft:damage_dealt":13123,"minecraft:fly_one_cm":330423,"minecraft:swim_one_cm":7804,"minecraft:open_chest":60,"minecraft:crouch_one_cm":9208,"minecraft:fall_one_cm":57567}},"DataVersion":3465}