{"stats":{"minecraft:used":{"minecraft:stone_sword":57,"minecraft:stone_pickaxe":107,"minecraft:wooden_pickaxe":15,"minecraft:shield":10,"minecraft:rotten_flesh":2,"minecraft:torch":76,"minecraft:crafting_table":1,"minecraft:bread":9,"minecraft:iron_pickaxe":26,"minecraft:stone_axe":92,"minecraft:wooden_sword":20,"minecraft:cobblestone":32,"minecraft:sweet_berries":37,"minecraft:furnace":1},"minecraft:picked_up":{"born_in_chaos_v1:corpse_maggot":10,"create:raw_zinc":4,"jeg:scrap":13,"skilltree:gem":5,"minecraft:bone":6,"minecraft:cobbled_deepslate":4,"minecraft:spruce_planks":10,"minecraft:oak_planks":4,"jeg:tech_trash":1,"minecraft:furnace":1,"minecraft:raw_iron":8,"minecraft:sweet_berries":65,"born_in_chaos_v1:ethereal_spirit":1,"born_in_chaos_v1:dark_rod":2,"minecraft:cherry_log":2,"minecraft:spruce_log":34,"born_in_chaos_v1:pieceofdarkmetal":1,"minecraft:dark_prismarine":11,"minecraft:oak_wood":6,"minecraft:arrow":2,"minecraft:rotten_flesh":8,"minecraft:slime_ball":8,"gamma_beasts:coal_nugget":14,"minecraft:emerald":1,"minecraft:bricks":1,"minecraft:coal":76,"minecraft:cobblestone":56},"minecraft:mined":{"minecraft:dark_prismarine":13,"create:deepslate_zinc_ore":4,"minecraft:spruce_planks":1,"jeg:scrap_ore":3,"minecraft:oak_wood":7,"minecraft:cobblestone":2,"minecraft:deepslate_coal_ore":8,"minecraft:spruce_leaves":1,"minecraft:oak_planks":4,"minecraft:bricks":2,"jeg:deepslate_scrap_ore":5,"minecraft:furnace":1,"minecraft:iron_ore":8,"minecraft:sweet_berry_bush":32,"minecraft:spruce_log":4,"treechop:chopped_log":30,"minecraft:grass":9,"minecraft:coal_ore":40,"minecraft:azalea_leaves":1,"minecraft:stone":55,"minecraft:deepslate_emerald_ore":1,"minecraft:deepslate":4},"minecraft:crafted":{"minecraft:cherry_planks":8,"minecraft:crafting_table":2,"minecraft:spruce_planks":16,"minecraft:wooden_pickaxe":1,"minecraft:furnace":1,"minecraft:stone_axe":1,"minecraft:air":0,"minecraft:stick":32,"minecraft:iron_ingot":6,"minecraft:iron_pickaxe":1,"minecraft:stone_pickaxe":1,"minecraft:wooden_axe":1,"minecraft:stone_sword":1,"minecraft:torch":76},"minecraft:killed":{"born_in_chaos_v1:bonescaller":1,"born_in_chaos_v1:zombie_lumberjack":1,"born_in_chaos_v1:baby_skeleton":1,"minecraft:slime":11,"born_in_chaos_v1:decrepit_skeleton":1,"born_in_chaos_v1:maggot":2,"minecraft:skeleton":1,"minecraft:zombie":6,"born_in_chaos_v1:corpse_fly":6,"born_in_chaos_v1:dark_vortex":1},"minecraft:custom":{"minecraft:interact_with_furnace":5,"minecraft:mob_kills":32,"minecraft:interact_with_crafting_table":9,"minecraft:damage_dealt_resisted":117,"minecraft:time_since_death":7932,"minecraft:time_since_rest":7979,"minecraft:sprint_one_cm":90130,"minecraft:damage_taken":2388,"minecraft:walk_one_cm":115891,"minecraft:damage_blocked_by_shield":334,"minecraft:damage_dealt":3557,"minecraft:swim_one_cm":319,"minecraft:fly_one_cm":97778,"minecraft:open_chest":5,"minecraft:crouch_one_cm":97,"minecraft:play_time":42430,"minecraft:deaths":2,"minecraft:sneak_time":60,"minecraft:walk_under_water_one_cm":1087,"minecraft:jump":631,"minecraft:walk_on_water_one_cm":3136,"minecraft:total_world_time":42430,"minecraft:fall_one_cm":18041}},"DataVersion":3465}