{"stats":{"minecraft:used":{"minecraft:stone_sword":48,"minecraft:bread":9,"minecraft:stone_pickaxe":86,"minecraft:shield":10,"minecraft:wooden_pickaxe":15,"minecraft:rotten_flesh":2,"minecraft:stone_axe":16,"minecraft:torch":64,"minecraft:wooden_sword":20,"minecraft:cobblestone":28,"minecraft:sweet_berries":17,"minecraft:crafting_table":1},"minecraft:picked_up":{"born_in_chaos_v1:corpse_maggot":9,"minecraft:raw_iron":6,"minecraft:sweet_berries":64,"born_in_chaos_v1:ethereal_spirit":1,"born_in_chaos_v1:dark_rod":2,"born_in_chaos_v1:pieceofdarkmetal":1,"minecraft:cherry_log":2,"jeg:scrap":13,"minecraft:spruce_log":4,"skilltree:gem":4,"minecraft:arrow":2,"minecraft:bone":5,"minecraft:rotten_flesh":6,"minecraft:slime_ball":8,"minecraft:cobbled_deepslate":2,"gamma_beasts:coal_nugget":9,"jeg:tech_trash":1,"minecraft:coal":30,"minecraft:cobblestone":51},"minecraft:mined":{"jeg:deepslate_scrap_ore":5,"jeg:scrap_ore":3,"minecraft:iron_ore":6,"minecraft:sweet_berry_bush":31,"minecraft:spruce_log":1,"treechop:chopped_log":3,"minecraft:grass":9,"minecraft:coal_ore":22,"minecraft:cobblestone":2,"minecraft:deepslate_coal_ore":8,"minecraft:azalea_leaves":1,"minecraft:spruce_leaves":1,"minecraft:stone":51,"minecraft:deepslate":2},"minecraft:crafted":{"minecraft:cherry_planks":8,"minecraft:crafting_table":1,"minecraft:spruce_planks":16,"minecraft:stick":28,"minecraft:wooden_pickaxe":1,"minecraft:stone_pickaxe":1,"minecraft:wooden_axe":1,"minecraft:stone_sword":1,"minecraft:torch":76,"minecraft:stone_axe":1},"minecraft:killed":{"minecraft:skeleton":1,"born_in_chaos_v1:bonescaller":1,"minecraft:zombie":5,"born_in_chaos_v1:baby_skeleton":1,"born_in_chaos_v1:zombie_lumberjack":1,"born_in_chaos_v1:corpse_fly":6,"born_in_chaos_v1:dark_vortex":1,"minecraft:slime":11,"born_in_chaos_v1:decrepit_skeleton":1},"minecraft:custom":{"minecraft:time_since_rest":18624,"minecraft:sprint_one_cm":67180,"minecraft:damage_taken":1852,"minecraft:walk_one_cm":96068,"minecraft:damage_blocked_by_shield":334,"minecraft:mob_kills":29,"minecraft:damage_dealt":3218,"minecraft:interact_with_crafting_table":5,"minecraft:swim_one_cm":319,"minecraft:fly_one_cm":68685,"minecraft:crouch_one_cm":97,"minecraft:play_time":30430,"minecraft:deaths":1,"minecraft:sneak_time":60,"minecraft:walk_under_water_one_cm":1087,"minecraft:jump":467,"minecraft:damage_dealt_resisted":117,"minecraft:walk_on_water_one_cm":2995,"minecraft:time_since_death":18563,"minecraft:total_world_time":30430,"minecraft:fall_one_cm":13731}},"DataVersion":3465}