{"stats":{"minecraft:killed_by":{"minecraft:magma_cube":1},"minecraft:custom":{"minecraft:interact_with_crafting_table":86,"minecraft:open_barrel":102,"minecraft:bell_ring":8,"minecraft:eat_cake_slice":19,"minecraft:leave_game":7,"minecraft:time_since_death":51218,"minecraft:damage_blocked_by_shield":1490,"minecraft:deaths":29,"minecraft:play_time":915604,"minecraft:jump":8746,"minecraft:enchant_item":6,"minecraft:interact_with_furnace":3,"minecraft:traded_with_villager":5,"minecraft:sleep_in_bed":19,"minecraft:damage_dealt":214896,"minecraft:interact_with_smoker":41,"minecraft:inspect_dispenser":2,"minecraft:interact_with_smithing_table":8,"minecraft:interact_with_anvil":15,"minecraft:damage_dealt_absorbed":80,"minecraft:sneak_time":17870,"minecraft:interact_with_blast_furnace":21,"minecraft:total_world_time":915604,"minecraft:time_since_rest":6056,"minecraft:swim_one_cm":69838,"minecraft:fly_one_cm":1571622,"minecraft:open_chest":571,"minecraft:fall_one_cm":311534,"minecraft:damage_resisted":90,"minecraft:sprint_one_cm":1428913,"minecraft:drop":101,"minecraft:play_noteblock":5,"minecraft:talked_to_villager":166,"minecraft:interact_with_brewingstand":1,"minecraft:walk_on_water_one_cm":86383,"minecraft:interact_with_loom":1,"minecraft:crouch_one_cm":33552,"minecraft:mob_kills":909,"minecraft:damage_dealt_resisted":6173,"minecraft:climb_one_cm":26679,"minecraft:walk_one_cm":1967210,"minecraft:walk_under_water_one_cm":21538,"minecraft:damage_taken":55047,"minecraft:damage_absorbed":680},"minecraft:used":{"minecraft:spruce_slab":11,"minecraft:chest":30,"minecraft:spruce_boat":5,"minecraft:lava_bucket":3,"born_in_chaos_v1:nightmare_stalker_skull":1,"supplementaries:present_magenta":2,"minecraft:furnace":2,"minecraft:damaged_anvil":2,"minecraft:wooden_pickaxe":10,"minecraft:golden_apple":14,"minecraft:sand":3,"minecraft:blast_furnace":4,"scalinghealth:cursed_heart":1,"scalinghealth:enchanted_heart":5,"minecraft:lectern":54,"minecraft:wooden_sword":13,"minecraft:smithing_table":1,"minecraft:oak_trapdoor":7,"minecraft:stone_sword":121,"minecraft:netherrack":112,"minecraft:orange_bed":1,"minecraft:torch":407,"minecraft:anvil":1,"minecraft:iron_axe":176,"minecraft:acacia_wood":3,"minecraft:acacia_planks":65,"minecraft:calcite":31,"minecraft:water_bucket":47,"minecraft:birch_planks":1,"minecraft:polished_blackstone_bricks":34,"minecraft:tnt":5,"minecraft:crafting_table":13,"minecraft:white_bed":11,"minecraft:cake":1,"minecraft:oak_log":2,"minecraft:dark_prismarine":3,"minecraft:diamond_pickaxe":447,"minecraft:diamond_shovel":573,"minecraft:iron_pickaxe":349,"scalinghealth:medkit":1,"minecraft:enchanted_book":1,"minecraft:cobblestone":381,"minecraft:cooked_porkchop":142,"minecraft:polished_basalt":1,"minecraft:shield":23,"minecraft:iron_sword":655,"minecraft:bell":1,"minecraft:carrot":3,"enchantinginfuser:advanced_enchanting_infuser":1,"minecraft:milk_bucket":2,"minecraft:obsidian":5,"minecraft:cyan_terracotta":9,"minecraft:stone_bricks":3,"minecraft:magma_block":2,"minecraft:stone_pickaxe":353,"minecraft:oak_planks":71,"minecraft:diamond_axe":969,"minecraft:mushroom_stew":3,"minecraft:bread":105,"minecraft:gravel":30,"minecraft:golden_helmet":1,"minecraft:smooth_stone_slab":1,"minecraft:cobweb":8,"minecraft:experience_bottle":34,"minecraft:netherite_sword":1253,"minecraft:flint_and_steel":10,"minecraft:stone_shovel":206,"minecraft:dirt":464,"scalinghealth:heart_crystal":26,"minecraft:dark_oak_planks":26,"minecraft:bookshelf":27,"minecraft:smooth_sandstone":7,"scalinghealth:power_crystal":1,"minecraft:golden_carrot":1,"minecraft:netherite_pickaxe":780,"minecraft:cooked_beef":16,"minecraft:enchanted_golden_apple":1,"born_in_chaos_v1:trident_hayfork":24,"minecraft:cooked_mutton":20,"minecraft:baked_potato":1,"scalinghealth:chance_heart":4,"minecraft:smoker":3,"minecraft:stone_axe":229,"minecraft:bucket":50,"minecraft:pumpkin_pie":44,"minecraft:yellow_bed":1},"minecraft:mined":{"minecraft:dark_oak_planks":17,"minecraft:white_bed":3,"minecraft:red_nether_bricks":9,"minecraft:obsidian":8,"faded_conquest_2:toxic_lantern":1,"minecraft:granite":5,"minecraft:acacia_log":4,"minecraft:deepslate_tile_wall":1,"minecraft:stone_brick_wall":1,"minecraft:coal_block":20,"minecraft:deepslate_bricks":6,"minecraft:chiseled_stone_bricks":1,"minecraft:spawner":36,"minecraft:polished_blackstone_bricks":93,"minecraft:magma_block":5,"minecraft:dark_oak_trapdoor":1,"minecraft:fire":5,"minecraft:fletching_table":1,"minecraft:stripped_dark_oak_wood":2,"minecraft:enchanting_table":1,"minecraft:smooth_red_sandstone":1,"minecraft:cave_vines":1,"minecraft:light_gray_concrete":9,"minecraft:stripped_mangrove_wood":7,"minecraft:white_banner":1,"minecraft:iron_block":1,"create:veridium":1,"minecraft:player_head":3,"minecraft:tripwire":1,"minecraft:orange_bed":1,"minecraft:smoker":1,"faded_conquest_2:skull_pile":8,"minecraft:note_block":3,"minecraft:torch":2,"minecraft:blast_furnace":11,"minecraft:melon":4,"minecraft:spruce_wall_sign":3,"minecraft:smooth_quartz_slab":1,"minecraft:damaged_anvil":3,"minecraft:skeleton_skull":8,"minecraft:chain":2,"minecraft:repeater":7,"minecraft:light_gray_stained_glass":2,"minecraft:jukebox":1,"minecraft:stone_brick_stairs":1,"minecraft:grass":42,"minecraft:loom":1,"minecraft:smooth_quartz":2,"minecraft:stonecutter":2,"minecraft:yellow_stained_glass":2,"minecraft:piston":3,"minecraft:light_blue_stained_glass_pane":2,"minecraft:deepslate_tiles":7,"minecraft:dark_prismarine":25,"minecraft:potted_flowering_azalea_bush":2,"minecraft:spruce_fence":1,"minecraft:redstone_wire":1,"minecraft:cartography_table":1,"born_in_chaos_v1:gnawed_bones":1,"minecraft:black_stained_glass_pane":4,"minecraft:potted_torchflower":1,"minecraft:snow":1,"minecraft:acacia_wood":4,"minecraft:andesite":4,"jeg:blackstone_brimstone_ore":2,"minecraft:cake":1,"minecraft:smithing_table":1,"minecraft:birch_stairs":2,"minecraft:redstone_block":2,"minecraft:gray_concrete":8,"jeg:scrap_ore":5,"minecraft:observer":2,"minecraft:smooth_sandstone":11,"minecraft:cornflower":1,"minecraft:campfire":4,"faded_conquest_2:ominous_skull":1,"minecraft:lightning_rod":1,"minecraft:tall_grass":2,"minecraft:copper_ore":16,"minecraft:smooth_red_sandstone_slab":1,"minecraft:diorite":7,"minecraft:black_stained_glass":2,"supplementaries:present_magenta":3,"minecraft:creeper_head":1,"minecraft:spruce_log":20,"minecraft:birch_leaves":2,"minecraft:dark_prismarine_slab":1,"minecraft:gravel":50,"minecraft:cobweb":23,"minecraft:acacia_planks":7,"minecraft:stone_bricks":5,"minecraft:waxed_cut_copper_slab":1,"minecraft:spruce_planks":2,"minecraft:stone_pressure_plate":1,"minecraft:brewing_stand":5,"minecraft:spruce_trapdoor":3,"minecraft:cave_vines_plant":4,"minecraft:grass_block":322,"minecraft:cracked_polished_blackstone_bricks":61,"born_in_chaos_v1:pile_of_skulls":1,"minecraft:gilded_blackstone":2,"minecraft:iron_ore":22,"minecraft:target":1,"minecraft:anvil":2,"minecraft:dark_oak_stairs":1,"create:asurine":24,"minecraft:iron_bars":2,"minecraft:spruce_slab":30,"minecraft:cyan_terracotta":9,"minecraft:blackstone":65,"supplementaries:book_pile":1,"minecraft:polished_deepslate_stairs":1,"minecraft:chiseled_quartz_block":1,"minecraft:calcite":56,"minecraft:potted_warped_roots":1,"minecraft:chest":45,"minecraft:cobblestone":64,"minecraft:slime_block":1,"minecraft:oak_planks":7,"minecraft:grindstone":1,"minecraft:iron_door":3,"minecraft:wall_torch":12,"minecraft:dark_oak_slab":2,"minecraft:tnt":1,"minecraft:smooth_stone_slab":1,"minecraft:oak_log":56,"minecraft:sand":127,"minecraft:dirt":252,"minecraft:tripwire_hook":6,"minecraft:dispenser":4,"minecraft:netherrack":181,"minecraft:oak_leaves":12,"minecraft:cyan_candle":1,"minecraft:crying_obsidian":2,"minecraft:tuff":5,"minecraft:potted_wither_rose":1,"born_in_chaos_v1:nightmare_stalker_skull":1,"minecraft:mangrove_roots":1,"minecraft:lever":1,"minecraft:stone_button":1,"minecraft:decorated_pot":7,"minecraft:spruce_leaves":8,"minecraft:sandstone":2,"minecraft:hay_block":16,"minecraft:furnace":10,"minecraft:polished_basalt":3,"treechop:chopped_log":126,"minecraft:gold_block":62,"minecraft:bell":2,"gamma_beasts:acacia_hoja":1,"minecraft:bookshelf":80,"minecraft:shroomlight":1,"minecraft:stripped_acacia_log":6,"minecraft:stone":841,"minecraft:redstone_wall_torch":2,"minecraft:acacia_leaves":1,"minecraft:basalt":9,"minecraft:polished_granite":4,"minecraft:crafting_table":12,"gamma_beasts:acacia_hoja_1":2,"minecraft:honey_block":1,"minecraft:rose_bush":1,"minecraft:lectern":52,"minecraft:stone_slab":1,"minecraft:polished_blackstone_brick_stairs":1,"minecraft:spruce_stairs":10,"minecraft:birch_planks":3,"minecraft:beehive":1,"minecraft:sweet_berry_bush":2,"minecraft:black_wall_banner":1,"minecraft:white_wall_banner":1,"minecraft:yellow_bed":2,"minecraft:mangrove_slab":7,"minecraft:coal_ore":114,"minecraft:cyan_carpet":5,"minecraft:polished_andesite":3},"minecraft:dropped":{"sophisticatedbackpacks:iron_backpack":1,"minecraft:diamond":65,"minecraft:cooked_porkchop":42,"minecraft:crossbow":1,"minecraft:stripped_dark_oak_wood":1,"minecraft:golden_chestplate":1,"minecraft:rotten_flesh":2,"minecraft:spruce_slab":1,"minecraft:wheat_seeds":3,"minecraft:golden_apple":2,"minecraft:cobweb":1,"minecraft:potion":1,"minecraft:string":4,"minecraft:chicken":1,"minecraft:potato":29,"minecraft:ender_pearl":2,"minecraft:leather":49,"minecraft:gold_ingot":5,"minecraft:carrot":34,"supplementaries:ash":2,"faded_conquest_2:keyof_pestilence":1,"minecraft:bread":5},"minecraft:killed":{"minecraft:cave_spider":13,"born_in_chaos_v1:zombie_lumberjack":6,"born_in_chaos_v1:restless_spirit":7,"born_in_chaos_v1:skeleton_demoman":3,"born_in_chaos_v1:door_knight_not_despawn":1,"born_in_chaos_v1:pumpkin_spirit":1,"born_in_chaos_v1:siamese_skeletonsright":1,"born_in_chaos_v1:baby_skeleton_minion":4,"minecraft:skeleton":74,"minecraft:chicken":2,"born_in_chaos_v1:supreme_bonescaller_stage_2":1,"minecraft:magma_cube":56,"minecraft:zombie":46,"born_in_chaos_v1:corpse_fly":14,"alexsmobs:roadrunner":1,"born_in_chaos_v1:door_knight":2,"minecraft:cow":15,"alexsmobs:raccoon":7,"alexsmobs:seagull":1,"born_in_chaos_v1:firelight":2,"minecraft:horse":6,"born_in_chaos_v1:spiritof_chaos":3,"minecraft:husk":30,"alexsmobs:guster":4,"born_in_chaos_v1:bone_imp_minion":13,"minecraft:frog":10,"born_in_chaos_v1:decrepit_skeleton":19,"born_in_chaos_v1:bloody_gadfly":2,"born_in_chaos_v1:dark_vortex":4,"minecraft:enderman":2,"born_in_chaos_v1:lifestealer_true_form":1,"born_in_chaos_v1:zombie_clown":6,"minecraft:spider":9,"born_in_chaos_v1:scarlet_persecutor":4,"minecraft:silverfish":2,"faded_conquest_2:mimic":4,"minecraft:piglin_brute":7,"born_in_chaos_v1:firelight_not_despawn":2,"minecraft:piglin":16,"born_in_chaos_v1:bonescaller":1,"minecraft:pig":6,"minecraft:creeper":5,"minecraft:sheep":15,"born_in_chaos_v1:dread_hound":6,"minecraft:stray":1,"alexsmobs:fly":3,"born_in_chaos_v1:siamese_skeletonsleft":1,"alexsmobs:jerboa":1,"alexsmobs:dropbear":1,"minecraft:slime":3,"born_in_chaos_v1:maggot":32,"minecraft:phantom":2,"faded_conquest_2:doomharbor_lich":1,"born_in_chaos_v1:siamese_skeletons":1,"faded_conquest_2:the_plauge_bringer":1,"born_in_chaos_v1:baby_skeleton":5,"born_in_chaos_v1:spirit_guide_assistant":3,"minecraft:bat":1,"minecraft:hoglin":63,"born_in_chaos_v1:decaying_zombie":3,"faded_conquest_2:infested":2,"born_in_chaos_v1:bonescaller_not_despawn":2,"born_in_chaos_v1:nightmare_stalker":3,"minecraft:wither_skeleton":80,"minecraft:villager":2},"minecraft:crafted":{"minecraft:diamond_shovel":1,"minecraft:bookshelf":34,"minecraft:cooked_mutton":19,"minecraft:diamond_helmet":1,"minecraft:diamond_leggings":2,"sophisticatedbackpacks:copper_backpack":1,"minecraft:emerald":117,"minecraft:diamond_axe":1,"minecraft:lectern":7,"minecraft:iron_pickaxe":2,"minecraft:iron_block":9,"minecraft:gold_ingot":54,"minecraft:netherite_ingot":2,"minecraft:stone_shovel":1,"minecraft:spruce_slab":66,"minecraft:stone_pickaxe":3,"minecraft:spruce_boat":4,"minecraft:dark_oak_planks":12,"minecraft:golden_helmet":1,"minecraft:wheat":234,"sophisticatedbackpacks:gold_backpack":1,"minecraft:enchanted_book":5,"minecraft:iron_leggings":2,"minecraft:white_bed":7,"minecraft:oak_planks":444,"minecraft:iron_boots":2,"minecraft:chest":8,"minecraft:smoker":3,"vinery:grapevine_stem":4,"minecraft:crafting_table":3,"minecraft:spruce_planks":136,"minecraft:wooden_pickaxe":1,"minecraft:gold_block":10,"minecraft:birch_planks":8,"minecraft:tnt":4,"enchantinginfuser:advanced_enchanting_infuser":1,"minecraft:iron_chestplate":1,"minecraft:diamond_pickaxe":1,"minecraft:emerald_block":17,"sophisticatedbackpacks:diamond_backpack":1,"minecraft:stick":108,"minecraft:iron_ingot":52,"minecraft:stone_sword":1,"minecraft:shears":1,"minecraft:coal":27,"minecraft:oak_trapdoor":8,"minecraft:netherite_chestplate":1,"minecraft:iron_axe":1,"sophisticatedbackpacks:iron_backpack":4,"minecraft:cooked_beef":16,"minecraft:iron_sword":2,"minecraft:mangrove_planks":8,"minecraft:bucket":2,"minecraft:stone_axe":1,"minecraft:bread":78,"minecraft:air":0,"minecraft:acacia_planks":100,"minecraft:torch":416},"minecraft:broken":{"minecraft:diamond_helmet":1,"minecraft:iron_boots":1,"minecraft:iron_sword":1,"minecraft:diamond_leggings":1,"minecraft:iron_axe":1,"minecraft:iron_pickaxe":1,"minecraft:iron_helmet":3,"minecraft:golden_helmet":1,"minecraft:golden_leggings":1,"minecraft:stone_pickaxe":2,"minecraft:diamond_boots":1,"minecraft:stone_axe":1,"minecraft:stone_shovel":1,"minecraft:diamond_chestplate":1},"minecraft:picked_up":{"minecraft:birch_door":1,"minecraft:flower_pot":6,"minecraft:creeper_head":1,"minecraft:anvil":2,"minecraft:suspicious_stew":1,"minecraft:smithing_table":1,"minecraft:wither_rose":1,"minecraft:enchanted_book":2,"minecraft:brewing_stand":5,"minecraft:golden_sword":1,"minecraft:string":63,"minecraft:dark_oak_trapdoor":1,"minecraft:cooked_salmon":5,"minecraft:red_nether_bricks":9,"minecraft:shroomlight":2,"minecraft:gold_nugget":1,"minecraft:spruce_planks":16,"minecraft:enchanted_golden_apple":1,"minecraft:melon_slice":15,"minecraft:coal_block":20,"minecraft:beehive":1,"born_in_chaos_v1:shattered_skull":3,"sophisticatedbackpacks:stack_upgrade_starter_tier":1,"minecraft:jukebox":1,"minecraft:acacia_log":2,"born_in_chaos_v1:pileof_dark_metal":2,"minecraft:golden_axe":1,"minecraft:lightning_rod":1,"minecraft:cherry_log":2,"minecraft:golden_chestplate":12,"minecraft:orange_bed":1,"minecraft:stone_sword":3,"minecraft:honey_bottle":2,"farmersdelight:onion":3,"minecraft:polished_basalt":3,"gamma_beasts:kiwi":2,"faded_conquest_2:skull_pile":8,"minecraft:iron_block":1,"minecraft:cyan_terracotta":17,"farmersdelight:rope":36,"gamma_beasts:coal_nugget":25,"supplementaries:ash":16,"minecraft:iron_bars":2,"minecraft:snowball":22,"minecraft:birch_log":4,"minecraft:magma_block":5,"minecraft:feather":3,"minecraft:cooked_beef":2,"farmersdelight:rice":2,"minecraft:iron_door":3,"born_in_chaos_v1:spiritual_dust":8,"minecraft:smoker":1,"minecraft:flint":5,"minecraft:gray_concrete":8,"minecraft:map":1,"minecraft:mangrove_slab":9,"minecraft:lantern":3,"born_in_chaos_v1:nightmare_stalker_skull":2,"faded_conquest_2:keyof_pestilence":2,"tetra:scroll_rolled":8,"minecraft:stonecutter":2,"minecraft:rabbit":1,"sophisticatedbackpacks:iron_backpack":2,"minecraft:loom":1,"minecraft:dark_oak_log":2,"alexsmobs:animal_dictionary":2,"minecraft:stripped_acacia_log":7,"minecraft:polished_andesite":3,"minecraft:dispenser":4,"minecraft:lever":2,"minecraft:granite":3,"sophisticatedbackpacks:advanced_feeding_upgrade":1,"minecraft:golden_horse_armor":2,"minecraft:chainmail_helmet":3,"minecraft:bread":14,"alexsmobs:maggot":6,"minecraft:crimson_roots":1,"minecraft:crafting_table":13,"minecraft:redstone_lamp":18,"born_in_chaos_v1:seedof_chaos":14,"minecraft:leather_leggings":4,"minecraft:cornflower":1,"gamma_beasts:acacia_leaf":2,"minecraft:flint_and_steel":1,"minecraft:netherite_scrap":8,"born_in_chaos_v1:intoxicating_decoction":5,"minecraft:cartography_table":1,"minecraft:netherite_sword":5,"minecraft:beef":19,"born_in_chaos_v1:gnawed_bones":4,"minecraft:iron_nugget":11,"minecraft:spruce_slab":35,"minecraft:chest":38,"supplementaries:rope":14,"minecraft:birch_sapling":1,"minecraft:piston":6,"minecraft:egg":2,"minecraft:sandstone":42,"minecraft:spruce_fence":1,"farmersdelight:tomato_seeds":3,"born_in_chaos_v1:pieceofdarkmetal":30,"minecraft:carrot":22,"minecraft:redstone":127,"minecraft:netherite_pickaxe":1,"minecraft:prismarine_crystals":5,"minecraft:tnt":29,"minecraft:stone_shovel":2,"minecraft:diamond_chestplate":1,"minecraft:cooked_cod":2,"minecraft:beetroot_seeds":2,"minecraft:decorated_pot":6,"born_in_chaos_v1:wood_splitter_axe":1,"minecraft:deepslate_bricks":6,"minecraft:diamond_boots":1,"minecraft:hay_block":16,"rpgsmw:zrikons_hears":1,"minecraft:gold_ingot":144,"minecraft:glow_berries":10,"minecraft:mutton":19,"minecraft:rail":13,"minecraft:white_wool":13,"born_in_chaos_v1:monster_flesh":6,"minecraft:smooth_red_sandstone":1,"minecraft:tripwire_hook":5,"minecraft:acacia_wood":7,"minecraft:red_mushroom":3,"minecraft:torchflower":1,"minecraft:oak_log":147,"scalinghealth:bandages":7,"minecraft:golden_boots":3,"minecraft:paper":16,"minecraft:white_banner":2,"minecraft:apple":11,"minecraft:stone_bricks":5,"minecraft:stone_pickaxe":2,"minecraft:cobweb":30,"scalinghealth:power_crystal_shard":10,"beachparty:overgrown_disc":2,"minecraft:iron_sword":7,"minecraft:flowering_azalea":2,"minecraft:dark_oak_stairs":5,"minecraft:sweet_berries":3,"born_in_chaos_v1:orbofthe_summoner":3,"born_in_chaos_v1:ethereal_spirit":20,"minecraft:gravel":55,"minecraft:birch_stairs":4,"minecraft:spruce_log":4,"minecraft:crying_obsidian":7,"minecraft:leather_helmet":2,"minecraft:slime_ball":2,"born_in_chaos_v1:pile_of_skulls":1,"minecraft:stone_axe":2,"hauntedharvest:rotten_apple":1,"minecraft:painting":6,"minecraft:birch_sign":4,"minecraft:warped_roots":1,"minecraft:baked_potato":1,"minecraft:ender_pearl":4,"minecraft:wheat":1,"beachparty:rubber_ring_axolotl":2,"minecraft:redstone_block":2,"minecraft:potion":5,"minecraft:stone_brick_stairs":1,"born_in_chaos_v1:bloody_gadfly_eye":1,"minecraft:waxed_cut_copper_slab":1,"minecraft:raw_copper":68,"minecraft:smooth_stone_slab":1,"born_in_chaos_v1:dark_upgrade":1,"minecraft:armor_stand":8,"minecraft:sticky_piston":13,"minecraft:experience_bottle":31,"sophisticatedbackpacks:advanced_filter_upgrade":1,"minecraft:smooth_red_sandstone_slab":1,"minecraft:deepslate_tiles":6,"minecraft:bucket":2,"minecraft:rose_bush":1,"minecraft:redstone_torch":2,"minecraft:calcite":58,"minecraft:azalea":6,"minecraft:smooth_quartz":2,"alexsmobs:raccoon_tail":1,"minecraft:deepslate_tile_wall":1,"born_in_chaos_v1:stimulating_decoction":3,"minecraft:furnace":10,"minecraft:tipped_arrow":1,"minecraft:stick":43,"minecraft:polished_deepslate_stairs":1,"born_in_chaos_v1:phantom_powder":2,"minecraft:torch":38,"minecraft:spruce_stairs":8,"minecraft:porkchop":98,"minecraft:target":1,"minecraft:diorite":9,"born_in_chaos_v1:nightmare_claw":7,"born_in_chaos_v1:damned_demomans_hat_helmet":1,"minecraft:rotten_flesh":150,"create:asurine":22,"alexsmobs:emu_egg":2,"create:veridium":1,"minecraft:mangrove_roots":13,"minecraft:obsidian":8,"minecraft:cobblestone":609,"minecraft:enchanting_table":1,"minecraft:leather_chestplate":2,"minecraft:magma_cream":2,"minecraft:repeater":28,"minecraft:andesite":4,"minecraft:golden_leggings":1,"minecraft:chiseled_quartz_block":1,"minecraft:potato":6,"minecraft:smooth_sandstone_stairs":2,"minecraft:wither_skeleton_skull":2,"minecraft:lapis_lazuli":36,"skilltree:gem":17,"minecraft:dirt":450,"minecraft:polished_granite":2,"minecraft:name_tag":1,"born_in_chaos_v1:monster_skin":38,"minecraft:leather_boots":6,"minecraft:bone":288,"minecraft:acacia_planks":6,"minecraft:bow":3,"minecraft:wheat_seeds":19,"minecraft:bell":2,"minecraft:grindstone":1,"minecraft:fletching_table":1,"minecraft:cyan_candle":3,"minecraft:bamboo":5,"minecraft:oak_planks":25,"minecraft:cooked_porkchop":120,"minecraft:poisonous_potato":1,"minecraft:sand":9,"minecraft:dark_prismarine":24,"minecraft:light_gray_concrete":8,"minecraft:dark_prismarine_slab":1,"born_in_chaos_v1:fire_dust":2,"minecraft:diamond":116,"minecraft:spruce_boat":5,"minecraft:slime_block":1,"minecraft:cracked_polished_blackstone_bricks":4,"minecraft:crossbow":6,"minecraft:golden_apple":34,"minecraft:spruce_sign":6,"minecraft:emerald":105,"minecraft:oak_sapling":44,"minecraft:netherrack":50,"minecraft:chicken":2,"minecraft:rabbit_stew":1,"minecraft:chest_minecart":1,"minecraft:wooden_pickaxe":1,"alexsmobs:roadrunner_feather":3,"minecraft:cooked_rabbit":3,"minecraft:gold_block":1,"minecraft:diamond_horse_armor":1,"minecraft:chain":3,"minecraft:brick":4,"minecraft:shield":3,"minecraft:iron_axe":1,"minecraft:wooden_sword":1,"faded_conquest_2:key_of_death":1,"minecraft:cyan_carpet":6,"minecraft:blackstone":16,"scalinghealth:chance_heart":1,"minecraft:player_head":14,"minecraft:observer":2,"minecraft:lectern":52,"minecraft:spruce_trapdoor":3,"minecraft:raw_iron":22,"minecraft:stripped_mangrove_wood":7,"minecraft:note_block":3,"minecraft:polished_blackstone_bricks":12,"minecraft:stone_button":3,"minecraft:iron_horse_armor":2,"minecraft:dark_oak_planks":70,"minecraft:arrow":207,"minecraft:pumpkin_pie":3,"minecraft:stripped_dark_oak_wood":3,"minecraft:saddle":3,"minecraft:glistering_melon_slice":6,"minecraft:black_banner":1,"scalinghealth:power_crystal":1,"minecraft:skeleton_skull":10,"born_in_chaos_v1:fused_bone":4,"minecraft:netherite_boots":10,"born_in_chaos_v1:corpse_maggot":29,"minecraft:air":0,"minecraft:basalt":1,"minecraft:leather":72,"vinery:jungle_grape_seeds_red":2,"minecraft:birch_planks":8,"minecraft:mushroom_stew":2,"minecraft:yellow_bed":1,"minecraft:gunpowder":18,"scalinghealth:heart_crystal":23,"minecraft:cooked_mutton":10,"minecraft:smooth_sandstone":3,"minecraft:red_carpet":6,"minecraft:rabbit_hide":1,"minecraft:heart_of_the_sea":1,"minecraft:iron_ingot":143,"supplementaries:present_magenta":2,"minecraft:book":272,"scalinghealth:heart_crystal_shard":26,"minecraft:emerald_block":40,"minecraft:chiseled_stone_bricks":1,"born_in_chaos_v1:lifestealer_bone":5,"born_in_chaos_v1:dark_rod":6,"minecraft:amethyst_shard":2,"minecraft:blast_furnace":11,"minecraft:white_bed":2,"minecraft:spider_eye":14,"minecraft:honey_block":1,"minecraft:chainmail_leggings":2,"minecraft:iron_helmet":2,"minecraft:damaged_anvil":3,"minecraft:coal":162}},"DataVersion":3465}