{"stats":{"minecraft:used":{"minecraft:spruce_slab":2,"minecraft:chest":2,"minecraft:iron_sword":245,"born_in_chaos_v1:fried_maggot":18,"minecraft:torch":30,"minecraft:dirt":5,"farmersdelight:flint_knife":1,"scalinghealth:heart_crystal":4,"minecraft:snowball":2,"scalinghealth:power_crystal":2,"farmersdelight:cutting_board":4,"minecraft:sweet_berries":97,"minecraft:furnace":5,"minecraft:stone_pickaxe":184,"minecraft:wooden_pickaxe":59,"rpgsmw:copper_scythe":97,"minecraft:crafting_table":2,"minecraft:blast_furnace":2,"minecraft:campfire":2,"minecraft:white_bed":6,"minecraft:spruce_log":24,"minecraft:bread":19,"minecraft:iron_pickaxe":51,"minecraft:gravel":18,"minecraft:stone_axe":258,"minecraft:wooden_sword":59,"minecraft:cobblestone":6,"minecraft:bone_meal":24},"minecraft:picked_up":{"minecraft:charcoal":13,"minecraft:crafting_table":1,"minecraft:chicken":6,"minecraft:brown_mushroom":3,"minecraft:diamond_horse_armor":1,"minecraft:shield":1,"farmersdelight:cutting_board":3,"alexsmobs:cooked_catfish":18,"minecraft:string":10,"minecraft:raw_copper":53,"born_in_chaos_v1:intoxicating_decoction":1,"minecraft:gold_nugget":38,"minecraft:cobbled_deepslate":4,"minecraft:spruce_planks":2,"born_in_chaos_v1:gnawed_bones":1,"minecraft:spruce_slab":2,"minecraft:furnace":4,"minecraft:raw_iron":96,"minecraft:stick":5,"minecraft:torch":8,"minecraft:porkchop":23,"born_in_chaos_v1:pieceofdarkmetal":4,"minecraft:carrot":1,"farmersdelight:chicken_cuts":12,"minecraft:redstone":21,"rpgsmw:copper_battle_axe":1,"born_in_chaos_v1:fried_maggot":18,"minecraft:arrow":3,"minecraft:rotten_flesh":74,"farmersdelight:cooked_chicken_cuts":16,"rpgsmw:pinarium":2,"gamma_beasts:coal_nugget":28,"supplementaries:ash":1,"minecraft:mutton":11,"minecraft:snowball":4,"minecraft:white_wool":7,"minecraft:cobblestone":163,"born_in_chaos_v1:fused_bone":6,"born_in_chaos_v1:corpse_maggot":13,"minecraft:feather":4,"born_in_chaos_v1:monster_flesh":4,"born_in_chaos_v1:spiritual_dust":4,"rpgsmw:copper_gauntlet":1,"minecraft:leather":3,"minecraft:red_mushroom":2,"minecraft:potato":1,"farmersdelight:bacon":30,"minecraft:flint":1,"supplementaries:flax_seeds":1,"farmersdelight:cooked_bacon":26,"jeg:scrap":82,"scalinghealth:heart_crystal":5,"skilltree:gem":15,"minecraft:lapis_lazuli":152,"minecraft:dirt":7,"brewery:hops_seeds":2,"farmersdelight:mutton_chops":32,"born_in_chaos_v1:monster_skin":5,"minecraft:bone":27,"minecraft:wheat_seeds":1,"minecraft:raw_gold":11,"minecraft:iron_ingot":2,"scalinghealth:power_crystal_shard":22,"jeg:tech_trash":6,"scalinghealth:heart_crystal_shard":3,"minecraft:cooked_porkchop":6,"minecraft:sweet_berries":167,"born_in_chaos_v1:ethereal_spirit":8,"minecraft:gravel":18,"minecraft:spruce_sapling":15,"minecraft:blast_furnace":2,"minecraft:white_bed":4,"minecraft:spruce_log":136,"farmersdelight:cooked_mutton_chops":24,"minecraft:spider_eye":7,"alexsmobs:raw_catfish":18,"minecraft:diamond":2,"minecraft:bone_meal":6,"minecraft:bread":10,"minecraft:emerald":7,"minecraft:coal":68},"minecraft:mined":{"minecraft:white_bed":4,"minecraft:deepslate_diamond_ore":2,"minecraft:grass_block":3,"minecraft:spruce_leaves":5,"minecraft:red_mushroom":2,"minecraft:furnace":4,"minecraft:iron_ore":19,"treechop:chopped_log":111,"minecraft:deepslate_lapis_ore":13,"minecraft:deepslate_iron_ore":13,"minecraft:stone":83,"minecraft:spruce_slab":2,"minecraft:deepslate_redstone_ore":5,"minecraft:brown_mushroom":2,"jeg:scrap_ore":35,"brewery:wild_hops":1,"minecraft:crafting_table":1,"minecraft:blast_furnace":2,"supplementaries:wild_flax":1,"minecraft:copper_ore":16,"minecraft:deepslate_gold_ore":10,"minecraft:deepslate_coal_ore":10,"minecraft:lapis_ore":9,"minecraft:wall_torch":2,"supplementaries:urn":7,"jeg:deepslate_scrap_ore":3,"rpgsmw:mineral_ore":2,"farmersdelight:cutting_board":3,"minecraft:sweet_berry_bush":74,"minecraft:spruce_log":28,"minecraft:grass":7,"minecraft:coal_ore":58,"minecraft:gravel":19,"minecraft:gold_ore":1,"minecraft:oak_leaves":2,"minecraft:deepslate":4},"minecraft:crafted":{"minecraft:furnace":1,"minecraft:bone_meal":27,"minecraft:stone_pickaxe":2,"minecraft:chest":1,"scalinghealth:power_crystal":2,"minecraft:crafting_table":1,"minecraft:spruce_planks":100,"farmersdelight:flint_knife":1,"minecraft:wooden_pickaxe":1,"rpgsmw:steel":51,"minecraft:copper_ingot":229,"minecraft:bone":12,"minecraft:stone_axe":2,"minecraft:air":0,"minecraft:charcoal":52,"minecraft:stick":56,"minecraft:iron_ingot":25,"minecraft:iron_pickaxe":2,"minecraft:gold_ingot":40,"minecraft:white_bed":2,"minecraft:torch":116},"minecraft:dropped":{"minecraft:iron_sword":1,"minecraft:brown_mushroom":1,"minecraft:wheat_seeds":1,"minecraft:cobblestone":965,"minecraft:leather":1,"born_in_chaos_v1:monster_flesh":2,"minecraft:diamond_horse_armor":1,"minecraft:dirt":16,"minecraft:diorite":1,"scalinghealth:heart_crystal":1,"born_in_chaos_v1:monster_skin":4,"minecraft:torch":64,"minecraft:wooden_axe":1,"skilltree:gem":10,"born_in_chaos_v1:fused_bone":4,"minecraft:snowball":2,"rpgsmw:class_choose_orb":2,"alexsmobs:cooked_catfish":18,"minecraft:bone_meal":12,"minecraft:wooden_sword":2,"farmersdelight:cooked_mutton_chops":24,"minecraft:mud":12,"minecraft:string":1,"minecraft:white_wool":1,"minecraft:spruce_sapling":2,"minecraft:bone":15,"minecraft:stone_axe":1,"minecraft:sweet_berries":31,"minecraft:mangrove_roots":3,"minecraft:stone_sword":1,"minecraft:cobbled_deepslate":196,"minecraft:rotten_flesh":85,"rpgsmw:class_remove_orb":2,"rpgsmw:copper_battle_axe":1,"supplementaries:flax_seeds":1,"farmersdelight:cooked_chicken_cuts":16,"supplementaries:ash":1,"minecraft:shield":1,"minecraft:spruce_planks":72,"born_in_chaos_v1:corpse_maggot":2,"minecraft:spider_eye":7,"minecraft:basalt":1,"minecraft:arrow":3,"minecraft:wooden_pickaxe":1,"minecraft:raw_gold":5,"rpgsmw:copper_gauntlet":3},"minecraft:killed":{"born_in_chaos_v1:zombie_clown":1,"born_in_chaos_v1:restless_spirit":1,"born_in_chaos_v1:zombie_lumberjack":1,"minecraft:spider":8,"born_in_chaos_v1:siamese_skeletonsright":3,"born_in_chaos_v1:zombie_bruiser":1,"born_in_chaos_v1:baby_skeleton_minion":2,"born_in_chaos_v1:scarlet_persecutor":2,"born_in_chaos_v1:maggot":5,"alexsmobs:alligator_snapping_turtle":1,"minecraft:horse":3,"minecraft:skeleton":3,"minecraft:chicken":5,"born_in_chaos_v1:spiritof_chaos":2,"born_in_chaos_v1:fallen_chaos_knight":1,"born_in_chaos_v1:bonescaller":1,"minecraft:pig":13,"minecraft:zombie_villager":1,"born_in_chaos_v1:decrepit_skeleton":5,"minecraft:sheep":7,"alexsmobs:catfish":4,"minecraft:zombie":17,"born_in_chaos_v1:dread_hound":3,"born_in_chaos_v1:corpse_fly":8,"born_in_chaos_v1:door_knight":1,"born_in_chaos_v1:siamese_skeletonsleft":2},"minecraft:broken":{"minecraft:wooden_pickaxe":1,"minecraft:stone_pickaxe":2,"minecraft:leather_boots":1,"minecraft:wooden_sword":1,"minecraft:stone_axe":1},"minecraft:custom":{"minecraft:mob_kills":103,"minecraft:interact_with_crafting_table":33,"minecraft:interact_with_campfire":121,"minecraft:damage_dealt_resisted":1902,"minecraft:leave_game":4,"minecraft:time_since_death":397,"minecraft:sprint_one_cm":396759,"minecraft:walk_one_cm":486221,"minecraft:drop":139,"minecraft:damage_dealt_absorbed":79,"minecraft:play_time":183812,"minecraft:deaths":33,"minecraft:sneak_time":4449,"minecraft:walk_under_water_one_cm":5907,"minecraft:jump":1489,"minecraft:interact_with_blast_furnace":41,"minecraft:walk_on_water_one_cm":9502,"minecraft:total_world_time":183812,"minecraft:interact_with_furnace":142,"minecraft:sleep_in_bed":1,"minecraft:time_since_rest":426,"minecraft:damage_taken":14726,"minecraft:damage_dealt":17474,"minecraft:fly_one_cm":333441,"minecraft:swim_one_cm":6908,"minecraft:open_chest":118,"minecraft:crouch_one_cm":10334,"minecraft:fall_one_cm":12565}},"DataVersion":3465}