{"stats":{"minecraft:used":{"minecraft:stone_pickaxe":112,"minecraft:chest":1,"minecraft:wooden_pickaxe":59,"minecraft:iron_sword":21,"minecraft:torch":5,"minecraft:dirt":1,"minecraft:crafting_table":1,"minecraft:white_bed":2,"minecraft:spruce_log":4,"minecraft:bread":9,"minecraft:gravel":18,"minecraft:stone_axe":52,"minecraft:wooden_sword":59,"farmersdelight:cutting_board":1,"minecraft:sweet_berries":22},"minecraft:picked_up":{"born_in_chaos_v1:corpse_maggot":9,"minecraft:leather":2,"minecraft:flint":1,"jeg:scrap":74,"farmersdelight:cutting_board":1,"scalinghealth:heart_crystal":1,"skilltree:gem":5,"minecraft:dirt":1,"minecraft:raw_copper":53,"farmersdelight:mutton_chops":18,"born_in_chaos_v1:monster_skin":1,"minecraft:spruce_planks":1,"minecraft:iron_ingot":2,"scalinghealth:power_crystal_shard":5,"born_in_chaos_v1:gnawed_bones":1,"jeg:tech_trash":6,"minecraft:stick":2,"minecraft:raw_iron":17,"minecraft:sweet_berries":143,"minecraft:torch":1,"minecraft:gravel":18,"minecraft:spruce_sapling":2,"minecraft:white_bed":2,"minecraft:spruce_log":39,"farmersdelight:cooked_mutton_chops":10,"born_in_chaos_v1:fried_maggot":18,"minecraft:rotten_flesh":5,"gamma_beasts:coal_nugget":13,"minecraft:bread":10,"supplementaries:ash":1,"minecraft:mutton":9,"minecraft:coal":41,"minecraft:white_wool":6,"minecraft:cobblestone":62},"minecraft:mined":{"minecraft:white_bed":2,"jeg:scrap_ore":35,"minecraft:grass_block":1,"minecraft:copper_ore":16,"minecraft:spruce_leaves":2,"minecraft:wall_torch":1,"farmersdelight:cutting_board":1,"minecraft:iron_ore":17,"minecraft:sweet_berry_bush":66,"minecraft:spruce_log":10,"treechop:chopped_log":30,"minecraft:grass":7,"minecraft:coal_ore":41,"minecraft:gravel":19,"minecraft:stone":60,"minecraft:oak_leaves":2},"minecraft:dropped":{"minecraft:rotten_flesh":5,"rpgsmw:class_remove_orb":1,"supplementaries:ash":1,"minecraft:spruce_planks":10,"scalinghealth:heart_crystal":1,"rpgsmw:class_choose_orb":1,"farmersdelight:cooked_mutton_chops":10,"minecraft:spruce_sapling":2},"minecraft:crafted":{"minecraft:crafting_table":1,"minecraft:spruce_planks":24,"minecraft:wooden_pickaxe":1,"farmersdelight:flint_knife":1,"minecraft:copper_ingot":14,"minecraft:bone":6,"minecraft:stone_axe":2,"minecraft:air":0,"minecraft:stick":12,"minecraft:chest":1,"minecraft:white_bed":2,"minecraft:torch":24},"minecraft:killed":{"born_in_chaos_v1:zombie_bruiser":1,"born_in_chaos_v1:maggot":2,"minecraft:horse":3,"minecraft:sheep":6,"born_in_chaos_v1:dread_hound":2,"born_in_chaos_v1:corpse_fly":5},"minecraft:broken":{"minecraft:wooden_sword":1,"minecraft:wooden_pickaxe":1},"minecraft:custom":{"minecraft:interact_with_furnace":7,"minecraft:mob_kills":19,"minecraft:interact_with_crafting_table":11,"minecraft:interact_with_campfire":36,"minecraft:leave_game":3,"minecraft:time_since_death":35766,"minecraft:time_since_rest":35788,"minecraft:sprint_one_cm":213108,"minecraft:damage_taken":668,"minecraft:walk_one_cm":105523,"minecraft:drop":11,"minecraft:damage_dealt":2409,"minecraft:damage_dealt_absorbed":79,"minecraft:swim_one_cm":1129,"minecraft:fly_one_cm":166285,"minecraft:open_chest":7,"minecraft:crouch_one_cm":6842,"minecraft:play_time":50747,"minecraft:deaths":1,"minecraft:sneak_time":2233,"minecraft:walk_under_water_one_cm":117,"minecraft:jump":612,"minecraft:walk_on_water_one_cm":1708,"minecraft:total_world_time":50747,"minecraft:fall_one_cm":5037}},"DataVersion":3465}