{"stats":{"minecraft:used":{"minecraft:wooden_sword":32,"minecraft:bread":4,"minecraft:spruce_log":4},"minecraft:picked_up":{"minecraft:stick":2,"minecraft:leather":2,"scalinghealth:power_crystal_shard":5,"minecraft:spruce_sapling":1,"minecraft:spruce_log":14,"minecraft:mutton":7,"minecraft:white_wool":4},"minecraft:mined":{"minecraft:grass":1,"minecraft:spruce_leaves":2,"minecraft:spruce_log":6,"treechop:chopped_log":8},"minecraft:killed":{"minecraft:sheep":4,"minecraft:horse":3},"minecraft:custom":{"minecraft:time_since_rest":10822,"minecraft:crouch_one_cm":39,"minecraft:play_time":10822,"minecraft:sprint_one_cm":45105,"minecraft:damage_taken":82,"minecraft:walk_one_cm":19383,"minecraft:sneak_time":24,"minecraft:mob_kills":7,"minecraft:jump":133,"minecraft:damage_dealt":1053,"minecraft:time_since_death":10822,"minecraft:walk_on_water_one_cm":15,"minecraft:total_world_time":10822,"minecraft:fall_one_cm":543,"minecraft:fly_one_cm":58995}},"DataVersion":3465}