{"stats":{"minecraft:used":{"minecraft:stone_pickaxe":128,"minecraft:chest":2,"minecraft:wooden_pickaxe":59,"minecraft:iron_sword":75,"minecraft:torch":5,"minecraft:dirt":1,"scalinghealth:heart_crystal":1,"minecraft:crafting_table":1,"minecraft:white_bed":4,"minecraft:spruce_log":24,"minecraft:iron_pickaxe":1,"minecraft:bread":16,"minecraft:gravel":18,"minecraft:stone_axe":258,"minecraft:wooden_sword":59,"farmersdelight:cutting_board":2,"minecraft:sweet_berries":22},"minecraft:picked_up":{"born_in_chaos_v1:corpse_maggot":9,"minecraft:leather":2,"minecraft:potato":1,"minecraft:flint":1,"jeg:scrap":74,"scalinghealth:heart_crystal":2,"farmersdelight:cutting_board":1,"skilltree:gem":8,"minecraft:dirt":1,"minecraft:raw_copper":53,"farmersdelight:mutton_chops":18,"born_in_chaos_v1:monster_skin":1,"minecraft:bone":2,"minecraft:gold_nugget":17,"minecraft:raw_gold":1,"minecraft:spruce_planks":1,"minecraft:iron_ingot":2,"scalinghealth:power_crystal_shard":5,"born_in_chaos_v1:gnawed_bones":1,"jeg:tech_trash":6,"minecraft:stick":5,"minecraft:raw_iron":19,"minecraft:sweet_berries":144,"minecraft:torch":7,"minecraft:gravel":18,"minecraft:spruce_sapling":15,"minecraft:white_bed":2,"minecraft:spruce_log":136,"farmersdelight:cooked_mutton_chops":10,"born_in_chaos_v1:fried_maggot":18,"minecraft:rotten_flesh":30,"gamma_beasts:coal_nugget":20,"minecraft:emerald":7,"minecraft:bread":10,"supplementaries:ash":1,"minecraft:mutton":9,"minecraft:coal":53,"minecraft:white_wool":6,"minecraft:cobblestone":63},"minecraft:mined":{"minecraft:white_bed":2,"jeg:scrap_ore":35,"minecraft:grass_block":1,"minecraft:deepslate_coal_ore":5,"minecraft:copper_ore":16,"minecraft:spruce_leaves":5,"minecraft:deepslate_gold_ore":1,"minecraft:wall_torch":1,"supplementaries:urn":3,"minecraft:iron_ore":17,"farmersdelight:cutting_board":1,"minecraft:sweet_berry_bush":66,"minecraft:spruce_log":28,"treechop:chopped_log":110,"minecraft:grass":7,"minecraft:deepslate_iron_ore":2,"minecraft:coal_ore":48,"minecraft:gravel":19,"minecraft:stone":61,"minecraft:oak_leaves":2},"minecraft:dropped":{"minecraft:rotten_flesh":22,"rpgsmw:class_remove_orb":1,"supplementaries:ash":1,"minecraft:spruce_planks":10,"scalinghealth:heart_crystal":1,"rpgsmw:class_choose_orb":1,"farmersdelight:cooked_mutton_chops":10,"minecraft:spruce_sapling":2},"minecraft:crafted":{"minecraft:crafting_table":1,"minecraft:spruce_planks":100,"minecraft:wooden_pickaxe":1,"farmersdelight:flint_knife":1,"minecraft:copper_ingot":54,"minecraft:bone":6,"minecraft:stone_axe":2,"minecraft:air":0,"minecraft:stick":36,"minecraft:iron_ingot":18,"minecraft:iron_pickaxe":2,"minecraft:stone_pickaxe":2,"minecraft:chest":1,"minecraft:white_bed":2,"minecraft:torch":76},"minecraft:killed":{"born_in_chaos_v1:siamese_skeletonsright":1,"born_in_chaos_v1:zombie_bruiser":1,"born_in_chaos_v1:maggot":2,"minecraft:horse":3,"minecraft:sheep":6,"minecraft:zombie":9,"born_in_chaos_v1:dread_hound":2,"born_in_chaos_v1:corpse_fly":5},"minecraft:broken":{"minecraft:wooden_sword":1,"minecraft:stone_axe":1,"minecraft:wooden_pickaxe":1},"minecraft:custom":{"minecraft:interact_with_furnace":20,"minecraft:mob_kills":30,"minecraft:interact_with_crafting_table":15,"minecraft:interact_with_campfire":36,"minecraft:time_since_death":11377,"minecraft:leave_game":4,"minecraft:sleep_in_bed":1,"minecraft:time_since_rest":10175,"minecraft:sprint_one_cm":230248,"minecraft:damage_taken":1465,"minecraft:walk_one_cm":157562,"minecraft:drop":14,"minecraft:damage_dealt":5144,"minecraft:damage_dealt_absorbed":79,"minecraft:swim_one_cm":1129,"minecraft:fly_one_cm":182752,"minecraft:open_chest":23,"minecraft:crouch_one_cm":7830,"minecraft:play_time":69812,"minecraft:deaths":3,"minecraft:sneak_time":2657,"minecraft:walk_under_water_one_cm":117,"minecraft:jump":703,"minecraft:walk_on_water_one_cm":2557,"minecraft:total_world_time":69812,"minecraft:fall_one_cm":6272}},"DataVersion":3465}