{"stats":{"minecraft:used":{"minecraft:stone_pickaxe":162,"minecraft:chest":2,"minecraft:wooden_pickaxe":59,"minecraft:iron_sword":202,"born_in_chaos_v1:fried_maggot":18,"minecraft:torch":27,"minecraft:dirt":1,"scalinghealth:heart_crystal":4,"minecraft:crafting_table":1,"minecraft:white_bed":4,"minecraft:spruce_log":24,"minecraft:iron_pickaxe":31,"minecraft:bread":19,"scalinghealth:power_crystal":2,"minecraft:gravel":18,"minecraft:stone_axe":258,"minecraft:wooden_sword":59,"farmersdelight:cutting_board":2,"minecraft:sweet_berries":46,"minecraft:bone_meal":24},"minecraft:picked_up":{"born_in_chaos_v1:fused_bone":2,"born_in_chaos_v1:corpse_maggot":10,"born_in_chaos_v1:spiritual_dust":4,"minecraft:leather":2,"minecraft:brown_mushroom":3,"minecraft:red_mushroom":2,"minecraft:potato":1,"minecraft:diamond_horse_armor":1,"minecraft:flint":1,"minecraft:shield":1,"jeg:scrap":82,"scalinghealth:heart_crystal":5,"farmersdelight:cutting_board":1,"skilltree:gem":12,"minecraft:lapis_lazuli":80,"minecraft:string":10,"minecraft:dirt":1,"minecraft:raw_copper":53,"farmersdelight:mutton_chops":18,"born_in_chaos_v1:monster_skin":1,"minecraft:bone":23,"minecraft:cobbled_deepslate":3,"minecraft:gold_nugget":38,"minecraft:raw_gold":9,"minecraft:spruce_planks":1,"minecraft:iron_ingot":2,"scalinghealth:power_crystal_shard":19,"born_in_chaos_v1:gnawed_bones":1,"jeg:tech_trash":6,"minecraft:stick":5,"minecraft:raw_iron":32,"scalinghealth:heart_crystal_shard":3,"minecraft:sweet_berries":167,"minecraft:torch":7,"born_in_chaos_v1:ethereal_spirit":3,"minecraft:gravel":18,"minecraft:redstone":21,"minecraft:spruce_sapling":15,"minecraft:white_bed":2,"minecraft:spruce_log":136,"minecraft:spider_eye":7,"farmersdelight:cooked_mutton_chops":10,"minecraft:arrow":3,"born_in_chaos_v1:fried_maggot":18,"minecraft:rotten_flesh":61,"minecraft:diamond":2,"gamma_beasts:coal_nugget":28,"minecraft:emerald":7,"minecraft:bread":10,"supplementaries:ash":1,"minecraft:mutton":9,"minecraft:coal":68,"minecraft:white_wool":6,"minecraft:cobblestone":66},"minecraft:mined":{"minecraft:deepslate_redstone_ore":5,"minecraft:brown_mushroom":2,"minecraft:white_bed":2,"jeg:scrap_ore":35,"minecraft:deepslate_diamond_ore":2,"minecraft:grass_block":1,"minecraft:lapis_ore":2,"minecraft:deepslate_coal_ore":10,"minecraft:copper_ore":16,"minecraft:spruce_leaves":5,"minecraft:deepslate_gold_ore":9,"minecraft:red_mushroom":2,"minecraft:wall_torch":1,"supplementaries:urn":7,"jeg:deepslate_scrap_ore":3,"minecraft:iron_ore":19,"farmersdelight:cutting_board":1,"minecraft:sweet_berry_bush":73,"minecraft:spruce_log":28,"minecraft:deepslate_lapis_ore":10,"treechop:chopped_log":111,"minecraft:grass":7,"minecraft:deepslate_iron_ore":13,"minecraft:coal_ore":58,"minecraft:gravel":19,"minecraft:stone":64,"minecraft:deepslate":3,"minecraft:oak_leaves":2},"minecraft:crafted":{"minecraft:crafting_table":1,"minecraft:spruce_planks":100,"minecraft:wooden_pickaxe":1,"farmersdelight:flint_knife":1,"minecraft:copper_ingot":103,"minecraft:bone_meal":21,"minecraft:bone":12,"minecraft:stone_axe":2,"minecraft:air":0,"minecraft:stick":48,"minecraft:iron_ingot":18,"minecraft:iron_pickaxe":2,"minecraft:stone_pickaxe":2,"minecraft:chest":1,"minecraft:white_bed":2,"minecraft:torch":116,"scalinghealth:power_crystal":2},"minecraft:dropped":{"minecraft:sweet_berries":31,"minecraft:brown_mushroom":1,"minecraft:cobbled_deepslate":1,"minecraft:rotten_flesh":61,"rpgsmw:class_remove_orb":1,"minecraft:diamond_horse_armor":1,"supplementaries:ash":1,"minecraft:shield":1,"minecraft:torch":64,"minecraft:spruce_planks":10,"scalinghealth:heart_crystal":1,"born_in_chaos_v1:corpse_maggot":1,"rpgsmw:class_choose_orb":1,"minecraft:spider_eye":7,"farmersdelight:cooked_mutton_chops":10,"minecraft:arrow":3,"minecraft:raw_gold":5,"minecraft:string":1,"rpgsmw:copper_gauntlet":2,"minecraft:spruce_sapling":2,"minecraft:bone":15},"minecraft:killed":{"born_in_chaos_v1:spiritof_chaos":1,"born_in_chaos_v1:bonescaller":1,"born_in_chaos_v1:zombie_lumberjack":1,"minecraft:zombie_villager":1,"born_in_chaos_v1:restless_spirit":1,"minecraft:spider":8,"born_in_chaos_v1:siamese_skeletonsright":2,"born_in_chaos_v1:zombie_bruiser":1,"born_in_chaos_v1:baby_skeleton_minion":2,"born_in_chaos_v1:decrepit_skeleton":3,"born_in_chaos_v1:maggot":3,"minecraft:skeleton":3,"minecraft:horse":3,"minecraft:sheep":6,"minecraft:zombie":16,"born_in_chaos_v1:dread_hound":3,"born_in_chaos_v1:corpse_fly":8,"born_in_chaos_v1:siamese_skeletonsleft":1},"minecraft:broken":{"minecraft:stone_pickaxe":2,"minecraft:wooden_sword":1,"minecraft:stone_axe":1,"minecraft:wooden_pickaxe":1},"minecraft:custom":{"minecraft:interact_with_furnace":24,"minecraft:mob_kills":65,"minecraft:interact_with_crafting_table":19,"minecraft:interact_with_campfire":36,"minecraft:damage_dealt_resisted":424,"minecraft:time_since_death":35377,"minecraft:leave_game":4,"minecraft:sleep_in_bed":1,"minecraft:time_since_rest":34175,"minecraft:sprint_one_cm":273682,"minecraft:damage_taken":2481,"minecraft:walk_one_cm":282962,"minecraft:drop":44,"minecraft:damage_dealt":11800,"minecraft:damage_dealt_absorbed":79,"minecraft:swim_one_cm":1129,"minecraft:fly_one_cm":217814,"minecraft:open_chest":36,"minecraft:crouch_one_cm":9131,"minecraft:play_time":93812,"minecraft:deaths":3,"minecraft:sneak_time":3533,"minecraft:walk_under_water_one_cm":117,"minecraft:jump":877,"minecraft:walk_on_water_one_cm":4807,"minecraft:total_world_time":93812,"minecraft:fall_one_cm":6272}},"DataVersion":3465}