{"stats":{"minecraft:crafted":{"minecraft:lever":6,"minecraft:chest":3,"scalinghealth:power_crystal":2,"gamma_beasts:cooked_meat":1,"minecraft:crafting_table":1,"minecraft:spruce_planks":148,"farmersdelight:flint_knife":1,"minecraft:wooden_pickaxe":1,"rpgsmw:miphrilignot":5,"minecraft:copper_ingot":229,"farmersdelight:beef_patty":35,"minecraft:charcoal":52,"minecraft:paper":8,"minecraft:stick":96,"minecraft:iron_ingot":116,"minecraft:iron_pickaxe":2,"minecraft:gold_ingot":49,"minecraft:leather_boots":6,"minecraft:furnace":1,"minecraft:bone_meal":240,"minecraft:diamond":1,"born_in_chaos_v1:bone_handle":2,"minecraft:stone_pickaxe":2,"minecraft:dark_oak_planks":28,"minecraft:cooked_beef":14,"rpgsmw:steel":57,"scalinghealth:heart_crystal":1,"minecraft:bone":12,"minecraft:stone_axe":2,"minecraft:air":0,"minecraft:jungle_planks":4,"rpgsmw:miphril_scythe":1,"minecraft:white_bed":2,"minecraft:acacia_planks":16,"minecraft:torch":164},"minecraft:used":{"minecraft:spruce_slab":2,"minecraft:chest":2,"minecraft:decorated_pot":1,"minecraft:iron_sword":427,"minecraft:jungle_planks":2,"minecraft:snowball":18,"farmersdelight:cutting_board":4,"minecraft:sweet_berries":176,"minecraft:furnace":5,"minecraft:leather_leggings":3,"minecraft:stone_pickaxe":368,"minecraft:sandstone":2,"minecraft:wooden_pickaxe":59,"minecraft:mushroom_stew":1,"gamma_beasts:cooked_meat":4,"minecraft:blast_furnace":2,"farmersdelight:honey_cookie":8,"minecraft:bread":37,"farmersdelight:cooked_chicken_cuts":9,"minecraft:polished_granite":1,"born_in_chaos_v1:smoked_monster_flesh":10,"minecraft:gravel":18,"minecraft:wooden_sword":59,"minecraft:chainmail_boots":2,"minecraft:cooked_rabbit":2,"minecraft:bone_meal":253,"rpgsmw:iron_scythe":332,"born_in_chaos_v1:shell_mace":477,"born_in_chaos_v1:fried_maggot":31,"minecraft:cooked_salmon":1,"minecraft:cooked_chicken":2,"minecraft:torch":101,"minecraft:dirt":20,"minecraft:anvil":1,"scalinghealth:heart_crystal":18,"farmersdelight:flint_knife":8,"farmersdelight:beef_patty":34,"minecraft:iron_axe":5,"scalinghealth:power_crystal":2,"farmersdelight:cooked_mutton_chops":22,"minecraft:cooked_beef":5,"minecraft:cobbled_deepslate":5,"born_in_chaos_v1:trident_hayfork":106,"minecraft:wheat_seeds":94,"minecraft:cooked_mutton":4,"minecraft:leather_boots":1,"rpgsmw:copper_scythe":169,"minecraft:crafting_table":2,"minecraft:campfire":3,"minecraft:white_bed":6,"minecraft:spruce_log":24,"rpgsmw:steel_ranger_armor_boots":3,"minecraft:iron_pickaxe":196,"rpgsmw:miphril_scythe":13,"jeg:scrap_workbench":1,"minecraft:stone_axe":258,"farmersdelight:cooked_bacon":7,"minecraft:cobblestone":6,"minecraft:cooked_porkchop":13,"minecraft:splash_potion":2},"minecraft:picked_up":{"minecraft:black_carpet":3,"beachparty:rubber_ring_axolotl":1,"rpgsmw:iron_ring":1,"minecraft:iron_trapdoor":2,"minecraft:flower_pot":3,"minecraft:yellow_wool":26,"minecraft:gilded_blackstone":1,"minecraft:stone_brick_stairs":2,"minecraft:crimson_planks":2,"minecraft:golden_sword":1,"farmersdelight:cutting_board":3,"minecraft:string":46,"minecraft:raw_copper":57,"minecraft:cooked_salmon":1,"minecraft:gold_nugget":38,"minecraft:cobbled_deepslate":51,"minecraft:spruce_planks":2,"minecraft:furnace":4,"minecraft:stick":8,"born_in_chaos_v1:shattered_skull":1,"minecraft:torch":49,"minecraft:acacia_log":4,"born_in_chaos_v1:pileof_dark_metal":2,"minecraft:sandstone_wall":4,"minecraft:porkchop":24,"minecraft:cherry_log":3,"born_in_chaos_v1:nightmare_claw":2,"farmersdelight:chicken_cuts":22,"minecraft:golden_chestplate":2,"born_in_chaos_v1:fried_maggot":31,"minecraft:rotten_flesh":224,"rpgsmw:steel_mage_armor_boots":1,"farmersdelight:tree_bark":24,"gamma_beasts:coal_nugget":66,"supplementaries:ash":2,"minecraft:snowball":30,"minecraft:cobblestone":177,"minecraft:feather":5,"minecraft:leather_chestplate":1,"minecraft:cooked_beef":14,"rpgsmw:steel":10,"minecraft:lilac":2,"born_in_chaos_v1:spiritual_dust":5,"minecraft:andesite":8,"minecraft:jungle_log":1,"gamma_beasts:prehnite":17,"minecraft:potato":1,"farmersdelight:bacon":30,"minecraft:flint":6,"minecraft:smooth_sandstone_stairs":1,"minecraft:tuff":9,"create:raw_zinc":7,"supplementaries:flax_seeds":1,"farmersdelight:cooked_bacon":41,"jeg:scrap":99,"skilltree:gem":45,"minecraft:lapis_lazuli":179,"minecraft:dirt":48,"minecraft:polished_granite":4,"brewery:hops_seeds":2,"farmersdelight:mutton_chops":44,"born_in_chaos_v1:monster_skin":9,"minecraft:leather_boots":6,"minecraft:bone":96,"minecraft:bow":2,"minecraft:wheat_seeds":4,"minecraft:raw_gold":33,"minecraft:rabbit":2,"rpgsmw:steel_mage_armor_helmet":2,"minecraft:cooked_porkchop":19,"minecraft:jungle_planks":1,"minecraft:sand":16,"minecraft:stripped_spruce_log":9,"minecraft:lily_of_the_valley":1,"minecraft:dark_oak_log":7,"minecraft:chiseled_sandstone":3,"farmersdelight:cooked_mutton_chops":56,"minecraft:dark_prismarine":436,"minecraft:stripped_acacia_log":2,"beachparty:rubber_ring_pelican":1,"minecraft:dispenser":2,"minecraft:blue_terracotta":3,"minecraft:yellow_carpet":2,"born_in_chaos_v1:fire_dust":1,"minecraft:diamond":2,"minecraft:spruce_boat":1,"minecraft:bone_meal":11,"minecraft:chainmail_helmet":1,"minecraft:bread":10,"minecraft:emerald":9,"alexsmobs:maggot":1,"born_in_chaos_v1:rotten_fish":1,"minecraft:bricks":1,"minecraft:charcoal":15,"born_in_chaos_v1:diamond_termite_shard":7,"minecraft:crafting_table":1,"minecraft:sandstone_slab":7,"born_in_chaos_v1:smoked_monster_flesh":15,"minecraft:chicken":13,"born_in_chaos_v1:seedof_chaos":2,"minecraft:redstone_lamp":49,"minecraft:leather_leggings":4,"minecraft:brown_mushroom":3,"tarotcards:the_sun":1,"gamma_beasts:cooked_meat":1,"minecraft:cooked_rabbit":2,"minecraft:diamond_horse_armor":1,"minecraft:chain":3,"minecraft:shield":5,"rpgsmw:steel_mage_armor_leggings":2,"alexsmobs:cooked_catfish":18,"minecraft:flint_and_steel":1,"born_in_chaos_v1:intoxicating_decoction":1,"minecraft:cyan_carpet":2,"beachparty:seashell":5,"minecraft:blue_orchid":1,"farmersdelight:beef_patty":18,"minecraft:netherite_sword":1,"minecraft:beef":65,"born_in_chaos_v1:gnawed_bones":1,"minecraft:poppy":1,"minecraft:spruce_slab":2,"minecraft:sugar_cane":14,"crittersandcompanions:clam":3,"minecraft:orange_dye":2,"minecraft:raw_iron":148,"minecraft:sandstone":261,"minecraft:copper_ingot":1,"farmersdelight:minced_beef":60,"minecraft:stone_button":1,"born_in_chaos_v1:pieceofdarkmetal":6,"minecraft:carrot":1,"minecraft:redstone":91,"rpgsmw:copper_battle_axe":1,"minecraft:dark_oak_planks":1,"minecraft:smooth_sandstone_slab":8,"minecraft:arrow":17,"rpgsmw:iron_scythe":1,"farmersdelight:cooked_chicken_cuts":26,"minecraft:decorated_pot":1,"minecraft:peony":1,"rpgsmw:pinarium":2,"minecraft:sandstone_stairs":4,"minecraft:yellow_terracotta":4,"born_in_chaos_v1:spiny_shell":4,"minecraft:mutton":20,"minecraft:white_wool":13,"born_in_chaos_v1:fused_bone":11,"born_in_chaos_v1:corpse_maggot":50,"born_in_chaos_v1:monster_flesh":12,"minecraft:salmon":1,"minecraft:cut_sandstone":253,"rpgsmw:copper_gauntlet":1,"minecraft:leather":39,"minecraft:red_mushroom":2,"minecraft:filled_map":2,"scalinghealth:bandages":5,"minecraft:gunpowder":3,"scalinghealth:heart_crystal":18,"rpgsmw:steel_ranger_armor_boots":1,"minecraft:cooked_mutton":14,"minecraft:smooth_sandstone":8,"minecraft:stone_bricks":8,"minecraft:kelp":1,"minecraft:rabbit_hide":1,"minecraft:iron_ingot":17,"minecraft:cooked_chicken":2,"scalinghealth:power_crystal_shard":22,"jeg:double_barrel_shotgun":2,"rpgsmw:steel_mage_armor_chestplate":2,"jeg:tech_trash":6,"minecraft:book":6,"minecraft:scaffolding":9,"scalinghealth:heart_crystal_shard":19,"minecraft:sweet_berries":171,"minecraft:stone_brick_slab":4,"born_in_chaos_v1:ethereal_spirit":16,"minecraft:gravel":25,"born_in_chaos_v1:dark_rod":2,"minecraft:spruce_sapling":15,"minecraft:blast_furnace":2,"minecraft:white_bed":4,"minecraft:spruce_log":138,"minecraft:spider_eye":13,"minecraft:leather_helmet":3,"jeg:handmade_shell":15,"alexsmobs:raw_catfish":18,"minecraft:slime_ball":16,"minecraft:chainmail_leggings":1,"minecraft:birch_sign":28,"minecraft:stripped_dark_oak_log":13,"minecraft:coal":170},"minecraft:custom":{"minecraft:animals_bred":14,"minecraft:interact_with_crafting_table":87,"minecraft:open_barrel":47,"minecraft:eat_cake_slice":4,"minecraft:leave_game":11,"minecraft:time_since_death":32379,"minecraft:sprint_one_cm":1301953,"minecraft:drop":456,"minecraft:play_time":600427,"minecraft:deaths":105,"minecraft:jump":5033,"minecraft:walk_on_water_one_cm":51965,"minecraft:interact_with_furnace":194,"minecraft:sleep_in_bed":3,"minecraft:damage_dealt":76158,"minecraft:crouch_one_cm":83990,"minecraft:horse_one_cm":530,"minecraft:mob_kills":339,"minecraft:interact_with_anvil":1,"minecraft:interact_with_campfire":234,"minecraft:damage_dealt_resisted":5038,"minecraft:climb_one_cm":4317,"minecraft:walk_one_cm":1561199,"minecraft:damage_dealt_absorbed":79,"minecraft:sneak_time":28835,"minecraft:walk_under_water_one_cm":27234,"minecraft:boat_one_cm":81909,"minecraft:interact_with_blast_furnace":72,"minecraft:total_world_time":600427,"minecraft:time_since_rest":32416,"minecraft:damage_taken":64113,"minecraft:trigger_trapped_chest":1,"minecraft:swim_one_cm":23056,"minecraft:fly_one_cm":1344921,"minecraft:open_chest":606,"minecraft:fall_one_cm":81789},"minecraft:broken":{"born_in_chaos_v1:shell_mace":1,"minecraft:leather_leggings":2,"minecraft:iron_leggings":1,"minecraft:stone_pickaxe":3,"rpgsmw:steel_mage_armor_chestplate":1,"minecraft:wooden_sword":1,"minecraft:stone_axe":1,"rpgsmw:steel_ranger_armor_boots":1,"rpgsmw:steel_mage_armor_leggings":1,"minecraft:golden_chestplate":1,"rpgsmw:iron_scythe":1,"minecraft:chainmail_helmet":1,"minecraft:leather_chestplate":2,"minecraft:wooden_pickaxe":1,"minecraft:leather_boots":8,"rpgsmw:steel_mage_armor_helmet":2,"rpgsmw:copper_scythe":1},"minecraft:dropped":{"minecraft:iron_sword":1,"minecraft:brown_mushroom":1,"crittersandcompanions:clam":3,"minecraft:cooked_beef":20,"minecraft:cooked_porkchop":4,"minecraft:sandstone_slab":7,"farmersdelight:cooked_bacon":8,"gamma_beasts:prehnite":4,"minecraft:leather":13,"minecraft:leather_helmet":2,"farmersdelight:beef_patty":26,"minecraft:flint":2,"born_in_chaos_v1:monster_flesh":5,"minecraft:dirt":42,"minecraft:dispenser":2,"born_in_chaos_v1:monster_skin":4,"minecraft:stone_button":1,"minecraft:cut_sandstone":202,"minecraft:snowball":12,"beachparty:rubber_ring_pelican":1,"minecraft:chain":2,"alexsmobs:cooked_catfish":18,"minecraft:wooden_sword":2,"farmersdelight:cooked_mutton_chops":34,"minecraft:bone_meal":12,"minecraft:sand":16,"minecraft:dark_oak_planks":3,"minecraft:white_wool":1,"minecraft:cyan_carpet":2,"minecraft:bone":16,"minecraft:gravel":7,"minecraft:stone_axe":1,"minecraft:mangrove_roots":3,"minecraft:golden_chestplate":1,"minecraft:black_carpet":2,"minecraft:cobbled_deepslate":238,"minecraft:netherite_sword":1,"minecraft:yellow_wool":16,"rpgsmw:steel":21,"born_in_chaos_v1:ethereal_spirit":1,"jeg:double_barrel_shotgun":2,"minecraft:rotten_flesh":230,"rpgsmw:class_remove_orb":2,"minecraft:sandstone_wall":4,"rpgsmw:copper_battle_axe":1,"minecraft:poppy":1,"minecraft:leather_chestplate":1,"farmersdelight:cooked_chicken_cuts":16,"supplementaries:flax_seeds":1,"supplementaries:ash":1,"minecraft:gunpowder":8,"born_in_chaos_v1:corpse_maggot":30,"minecraft:leather_boots":2,"minecraft:basalt":1,"minecraft:arrow":12,"minecraft:scaffolding":2,"minecraft:stone_brick_stairs":2,"jeg:handmade_shell":15,"minecraft:polished_granite":3,"minecraft:crimson_planks":2,"minecraft:bread":25,"minecraft:iron_ingot":6,"minecraft:wheat_seeds":136,"minecraft:lilac":2,"minecraft:cherry_log":3,"gamma_beasts:coal_nugget":15,"minecraft:yellow_terracotta":4,"minecraft:cobblestone":967,"minecraft:book":6,"minecraft:yellow_carpet":1,"minecraft:stick":10,"minecraft:diamond_horse_armor":1,"minecraft:diorite":1,"minecraft:iron_trapdoor":2,"minecraft:torch":71,"scalinghealth:heart_crystal":1,"minecraft:wooden_axe":1,"skilltree:gem":37,"born_in_chaos_v1:fused_bone":6,"rpgsmw:class_choose_orb":2,"minecraft:smooth_sandstone_slab":8,"minecraft:mud":12,"born_in_chaos_v1:shell_mace":1,"minecraft:string":10,"minecraft:smooth_sandstone":8,"minecraft:spruce_sapling":2,"minecraft:chiseled_sandstone":2,"minecraft:stone_brick_slab":4,"minecraft:redstone":9,"minecraft:blue_terracotta":3,"minecraft:sweet_berries":31,"alexsmobs:maggot":1,"minecraft:kelp":1,"rpgsmw:iron_scythe":1,"minecraft:stone_sword":1,"minecraft:raw_copper":4,"minecraft:bowl":1,"minecraft:tuff":9,"minecraft:lily_of_the_valley":1,"minecraft:flint_and_steel":1,"minecraft:filled_map":2,"minecraft:spruce_boat":1,"minecraft:shield":2,"minecraft:peony":1,"minecraft:spruce_planks":72,"minecraft:andesite":8,"minecraft:golden_sword":1,"minecraft:birch_sign":28,"minecraft:stone_bricks":8,"minecraft:spider_eye":13,"minecraft:sandstone":219,"minecraft:bow":2,"minecraft:blue_orchid":1,"minecraft:wooden_pickaxe":1,"minecraft:raw_gold":5,"scalinghealth:bandages":1,"rpgsmw:copper_gauntlet":3},"minecraft:killed":{"born_in_chaos_v1:zombie_clown":1,"minecraft:cave_spider":4,"born_in_chaos_v1:restless_spirit":4,"born_in_chaos_v1:zombie_lumberjack":5,"born_in_chaos_v1:skeleton_demoman":1,"minecraft:spider":18,"born_in_chaos_v1:siamese_skeletonsright":4,"born_in_chaos_v1:baby_skeleton_minion":4,"born_in_chaos_v1:scarlet_persecutor":2,"alexsmobs:alligator_snapping_turtle":1,"minecraft:skeleton":11,"minecraft:chicken":10,"born_in_chaos_v1:skeleton_thrasher":1,"born_in_chaos_v1:firelight_not_despawn":1,"born_in_chaos_v1:bonescaller":2,"minecraft:pig":14,"born_in_chaos_v1:diamond_termite":4,"minecraft:zombie_villager":1,"gamma_beasts:careyatros_a":1,"minecraft:sheep":14,"minecraft:pillager":1,"minecraft:zombie":37,"born_in_chaos_v1:dread_hound":9,"born_in_chaos_v1:corpse_fly":12,"born_in_chaos_v1:door_knight":1,"minecraft:cow":25,"born_in_chaos_v1:siamese_skeletonsleft":3,"minecraft:vex":3,"minecraft:vindicator":1,"minecraft:slime":13,"born_in_chaos_v1:thornshell_crab":1,"born_in_chaos_v1:zombie_bruiser":2,"born_in_chaos_v1:maggot":29,"minecraft:phantom":2,"minecraft:horse":3,"minecraft:drowned":6,"born_in_chaos_v1:spiritof_chaos":2,"born_in_chaos_v1:fallen_chaos_knight":2,"minecraft:husk":39,"born_in_chaos_v1:baby_skeleton":2,"minecraft:rabbit":2,"born_in_chaos_v1:decrepit_skeleton":17,"alexsmobs:catfish":4,"born_in_chaos_v1:nightmare_stalker":1,"minecraft:wither_skeleton":8},"minecraft:mined":{"minecraft:dark_oak_planks":1,"minecraft:white_bed":4,"minecraft:grass_block":17,"minecraft:spawner":10,"beachparty:seashell_block":4,"minecraft:iron_ore":23,"minecraft:deepslate_lapis_ore":17,"minecraft:smooth_sandstone_stairs":1,"minecraft:spruce_slab":3,"minecraft:cut_sandstone":2,"minecraft:deepslate_redstone_ore":19,"minecraft:brown_mushroom":2,"brewery:wild_hops":1,"born_in_chaos_v1:infected_deepslate_diamond_ore":2,"minecraft:torch":1,"minecraft:blast_furnace":2,"supplementaries:wild_flax":1,"minecraft:sugar_cane":9,"minecraft:bricks":1,"minecraft:wall_torch":4,"farmersdelight:cutting_board":3,"minecraft:wheat":94,"minecraft:stone_brick_stairs":1,"minecraft:grass":19,"minecraft:sand":3,"minecraft:dirt":5,"minecraft:crimson_planks":2,"minecraft:oak_leaves":5,"minecraft:deepslate":36,"minecraft:redstone_lamp":46,"minecraft:dark_prismarine":86,"minecraft:tuff":4,"minecraft:quartz_stairs":1,"minecraft:deepslate_diamond_ore":2,"minecraft:stone_button":1,"minecraft:decorated_pot":2,"minecraft:jungle_planks":1,"minecraft:spruce_leaves":5,"minecraft:red_mushroom":2,"minecraft:sandstone":1,"minecraft:furnace":4,"gamma_beasts:prehnite_ore":5,"minecraft:andesite":3,"treechop:chopped_log":111,"minecraft:deepslate_iron_ore":43,"minecraft:stone":85,"jeg:scrap_ore":35,"minecraft:stone_brick_slab":4,"minecraft:polished_granite":2,"minecraft:smooth_sandstone":1,"minecraft:crafting_table":1,"minecraft:tall_grass":9,"minecraft:copper_ore":16,"minecraft:deepslate_coal_ore":32,"minecraft:lapis_ore":9,"minecraft:deepslate_gold_ore":10,"supplementaries:urn":10,"gamma_beasts:deepslate_prehnite_ore":10,"jeg:deepslate_scrap_ore":10,"rpgsmw:mineral_ore":2,"minecraft:sweet_berry_bush":77,"minecraft:spruce_log":28,"minecraft:coal_ore":58,"minecraft:mycelium":2,"minecraft:gravel":19,"minecraft:cyan_carpet":4,"minecraft:cobweb":24,"minecraft:stone_bricks":8,"minecraft:gold_ore":15,"minecraft:iron_trapdoor":2}},"DataVersion":3465}