{"stats":{"minecraft:used":{"minecraft:chest":2,"minecraft:iron_sword":230,"born_in_chaos_v1:fried_maggot":18,"minecraft:torch":29,"minecraft:dirt":1,"scalinghealth:heart_crystal":4,"scalinghealth:power_crystal":2,"farmersdelight:cutting_board":2,"minecraft:sweet_berries":67,"minecraft:furnace":1,"minecraft:stone_pickaxe":176,"minecraft:wooden_pickaxe":59,"minecraft:crafting_table":1,"minecraft:white_bed":4,"minecraft:spruce_log":24,"minecraft:bread":19,"minecraft:iron_pickaxe":51,"minecraft:gravel":18,"minecraft:stone_axe":258,"minecraft:wooden_sword":59,"minecraft:cobblestone":2,"minecraft:bone_meal":24},"minecraft:picked_up":{"minecraft:brown_mushroom":3,"minecraft:diamond_horse_armor":1,"minecraft:shield":1,"farmersdelight:cutting_board":1,"minecraft:string":10,"minecraft:raw_copper":53,"minecraft:gold_nugget":38,"minecraft:cobbled_deepslate":4,"minecraft:spruce_planks":1,"born_in_chaos_v1:gnawed_bones":1,"minecraft:raw_iron":96,"minecraft:stick":5,"minecraft:torch":7,"minecraft:porkchop":7,"minecraft:redstone":21,"rpgsmw:copper_battle_axe":1,"born_in_chaos_v1:fried_maggot":18,"minecraft:arrow":3,"minecraft:rotten_flesh":61,"rpgsmw:pinarium":2,"gamma_beasts:coal_nugget":28,"supplementaries:ash":1,"minecraft:mutton":11,"minecraft:white_wool":7,"minecraft:cobblestone":156,"born_in_chaos_v1:fused_bone":4,"born_in_chaos_v1:corpse_maggot":10,"born_in_chaos_v1:monster_flesh":4,"born_in_chaos_v1:spiritual_dust":4,"rpgsmw:copper_gauntlet":1,"minecraft:leather":2,"minecraft:red_mushroom":2,"minecraft:potato":1,"minecraft:flint":1,"jeg:scrap":82,"scalinghealth:heart_crystal":5,"skilltree:gem":15,"minecraft:lapis_lazuli":152,"minecraft:dirt":3,"farmersdelight:mutton_chops":18,"born_in_chaos_v1:monster_skin":5,"minecraft:bone":23,"minecraft:raw_gold":11,"minecraft:iron_ingot":2,"scalinghealth:power_crystal_shard":19,"jeg:tech_trash":6,"scalinghealth:heart_crystal_shard":3,"minecraft:sweet_berries":167,"born_in_chaos_v1:ethereal_spirit":3,"minecraft:gravel":18,"minecraft:spruce_sapling":15,"minecraft:white_bed":2,"minecraft:spruce_log":136,"farmersdelight:cooked_mutton_chops":10,"minecraft:spider_eye":7,"alexsmobs:raw_catfish":14,"minecraft:diamond":2,"minecraft:bread":10,"minecraft:emerald":7,"minecraft:coal":68},"minecraft:mined":{"minecraft:white_bed":2,"minecraft:deepslate_diamond_ore":2,"minecraft:grass_block":3,"minecraft:spruce_leaves":5,"minecraft:red_mushroom":2,"minecraft:iron_ore":19,"treechop:chopped_log":111,"minecraft:deepslate_lapis_ore":13,"minecraft:deepslate_iron_ore":13,"minecraft:stone":83,"minecraft:deepslate_redstone_ore":5,"minecraft:brown_mushroom":2,"jeg:scrap_ore":35,"minecraft:copper_ore":16,"minecraft:deepslate_gold_ore":10,"minecraft:deepslate_coal_ore":10,"minecraft:lapis_ore":9,"minecraft:wall_torch":1,"supplementaries:urn":7,"jeg:deepslate_scrap_ore":3,"rpgsmw:mineral_ore":2,"farmersdelight:cutting_board":1,"minecraft:sweet_berry_bush":74,"minecraft:spruce_log":28,"minecraft:grass":7,"minecraft:coal_ore":58,"minecraft:gravel":19,"minecraft:gold_ore":1,"minecraft:oak_leaves":2,"minecraft:deepslate":4},"minecraft:crafted":{"minecraft:furnace":1,"minecraft:bone_meal":21,"minecraft:stone_pickaxe":2,"minecraft:chest":1,"scalinghealth:power_crystal":2,"minecraft:crafting_table":1,"minecraft:spruce_planks":100,"farmersdelight:flint_knife":1,"minecraft:wooden_pickaxe":1,"minecraft:copper_ingot":176,"minecraft:bone":12,"minecraft:stone_axe":2,"minecraft:air":0,"minecraft:stick":48,"minecraft:iron_ingot":18,"minecraft:iron_pickaxe":2,"minecraft:gold_ingot":4,"minecraft:white_bed":2,"minecraft:torch":116},"minecraft:dropped":{"minecraft:brown_mushroom":1,"minecraft:cobblestone":962,"born_in_chaos_v1:monster_flesh":2,"minecraft:diamond_horse_armor":1,"minecraft:dirt":16,"minecraft:diorite":1,"scalinghealth:heart_crystal":1,"born_in_chaos_v1:monster_skin":4,"minecraft:torch":64,"minecraft:wooden_axe":1,"skilltree:gem":10,"born_in_chaos_v1:fused_bone":4,"rpgsmw:class_choose_orb":2,"minecraft:wooden_sword":2,"farmersdelight:cooked_mutton_chops":10,"minecraft:mud":12,"minecraft:string":1,"minecraft:spruce_sapling":2,"minecraft:bone":15,"minecraft:stone_axe":1,"minecraft:sweet_berries":31,"minecraft:mangrove_roots":3,"minecraft:stone_sword":1,"minecraft:cobbled_deepslate":196,"minecraft:rotten_flesh":76,"rpgsmw:class_remove_orb":2,"rpgsmw:copper_battle_axe":1,"supplementaries:ash":1,"minecraft:shield":1,"minecraft:spruce_planks":10,"born_in_chaos_v1:corpse_maggot":2,"minecraft:spider_eye":7,"minecraft:basalt":1,"minecraft:arrow":3,"minecraft:wooden_pickaxe":1,"minecraft:raw_gold":5,"rpgsmw:copper_gauntlet":3},"minecraft:killed":{"born_in_chaos_v1:restless_spirit":1,"born_in_chaos_v1:zombie_lumberjack":1,"minecraft:spider":8,"born_in_chaos_v1:siamese_skeletonsright":2,"born_in_chaos_v1:zombie_bruiser":1,"born_in_chaos_v1:baby_skeleton_minion":2,"born_in_chaos_v1:maggot":3,"alexsmobs:alligator_snapping_turtle":1,"minecraft:horse":3,"minecraft:skeleton":3,"born_in_chaos_v1:spiritof_chaos":1,"born_in_chaos_v1:bonescaller":1,"minecraft:pig":4,"minecraft:zombie_villager":1,"born_in_chaos_v1:decrepit_skeleton":3,"minecraft:sheep":7,"alexsmobs:catfish":4,"minecraft:zombie":16,"born_in_chaos_v1:dread_hound":3,"born_in_chaos_v1:corpse_fly":8,"born_in_chaos_v1:siamese_skeletonsleft":1},"minecraft:broken":{"minecraft:wooden_pickaxe":1,"minecraft:stone_pickaxe":2,"minecraft:leather_boots":1,"minecraft:wooden_sword":1,"minecraft:stone_axe":1},"minecraft:custom":{"minecraft:mob_kills":75,"minecraft:interact_with_crafting_table":21,"minecraft:interact_with_campfire":36,"minecraft:damage_dealt_resisted":424,"minecraft:leave_game":4,"minecraft:time_since_death":6193,"minecraft:sprint_one_cm":350548,"minecraft:walk_one_cm":332650,"minecraft:drop":97,"minecraft:damage_dealt_absorbed":79,"minecraft:play_time":117812,"minecraft:deaths":4,"minecraft:sneak_time":4063,"minecraft:walk_under_water_one_cm":3558,"minecraft:jump":1075,"minecraft:walk_on_water_one_cm":6831,"minecraft:total_world_time":117812,"minecraft:interact_with_furnace":72,"minecraft:sleep_in_bed":1,"minecraft:time_since_rest":6216,"minecraft:damage_taken":2573,"minecraft:damage_dealt":13463,"minecraft:fly_one_cm":250497,"minecraft:swim_one_cm":6908,"minecraft:open_chest":67,"minecraft:crouch_one_cm":9131,"minecraft:fall_one_cm":8320}},"DataVersion":3465}