{
  "takesapillage:root": {
    "criteria": {
      "always": "2024-06-25 01:59:22 +0000"
    },
    "done": true
  },
  "toms_storage:unlock_glowstone": {
    "criteria": {
      "inv_changed-glowstone": "2024-06-25 01:59:22 +0000"
    },
    "done": true
  },
  "create:root": {
    "criteria": {
      "0": "2024-06-25 01:59:22 +0000"
    },
    "done": true
  },
  "minecraft:recipes/decorations/crafting_table": {
    "criteria": {
      "unlock_right_away": "2024-06-25 01:59:22 +0000"
    },
    "done": true
  },
  "toms_storage:unlock_netherite": {
    "criteria": {
      "inv_changed-netherite": "2024-06-25 01:59:22 +0000"
    },
    "done": true
  },
  "toms_storage:unlock_chest": {
    "criteria": {
      "inv_changed-chest": "2024-06-25 01:59:22 +0000"
    },
    "done": true
  },
  "incendium:technical/new_player": {
    "criteria": {
      "requirement": "2024-06-25 01:59:22 +0000"
    },
    "done": true
  },
  "dungeons_arise:wda_root": {
    "criteria": {
      "WDA": "2024-06-25 01:59:22 +0000"
    },
    "done": true
  },
  "ags_day_counter:day_counter_root_advancement": {
    "criteria": {
      "day_counter_root_advancement_0": "2024-06-25 01:59:22 +0000"
    },
    "done": true
  },
  "bakery:main/root": {
    "criteria": {
      "seeds": "2024-06-25 01:59:22 +0000"
    },
    "done": true
  },
  "betterdungeons:root": {
    "criteria": {
      "always": "2024-06-25 01:59:22 +0000"
    },
    "done": true
  },
  "parcool:grant_parcool_guide": {
    "criteria": {
      "tick": "2024-06-25 01:59:22 +0000"
    },
    "done": true
  },
  "incendium:technical/using/shield": {
    "criteria": {
      "log_spam_fixer": "2024-06-25 01:59:23 +0000"
    },
    "done": false
  },
  "born_in_chaos_v1:bornin_chaos": {
    "criteria": {
      "bornin_chaos_0": "2024-06-25 01:59:22 +0000"
    },
    "done": true
  },
  "bakery:recipes/sandwich": {
    "criteria": {
      "has_bread": "2024-06-25 01:59:23 +0000"
    },
    "done": true
  },
  "faded_conquest_2:faded_2": {
    "criteria": {
      "faded_2": "2024-06-25 01:59:22 +0000"
    },
    "done": true
  },
  "betterdeserttemples:root": {
    "criteria": {
      "always": "2024-06-25 01:59:22 +0000"
    },
    "done": true
  },
  "cataclysm:root": {
    "criteria": {
      "custom_test_name": "2024-06-25 01:59:22 +0000"
    },
    "done": true
  },
  "vinery:main/root": {
    "criteria": {
      "seeds": "2024-06-25 01:59:22 +0000"
    },
    "done": true
  },
  "incendium:technical/scroll_of_returning": {
    "criteria": {
      "log_spam_fixer": "2024-06-25 01:59:23 +0000"
    },
    "done": false
  },
  "incendium:technical/using/ragnarok": {
    "criteria": {
      "log_spam_fixer": "2024-06-25 01:59:23 +0000"
    },
    "done": false
  },
  "farmersdelight:main/root": {
    "criteria": {
      "seeds": "2024-06-25 01:59:22 +0000"
    },
    "done": true
  },
  "toms_storage:unlock_dia_pearl": {
    "criteria": {
      "inv_changed-ender_pearl": "2024-06-25 01:59:22 +0000",
      "inv_changed-diamond": "2024-06-25 01:59:22 +0000"
    },
    "done": true
  },
  "brewery:main/root": {
    "criteria": {
      "seeds": "2024-06-25 01:59:22 +0000"
    },
    "done": true
  },
  "rpgsmw:choose_your_class": {
    "criteria": {
      "choose_your_class_0": "2024-06-25 01:59:22 +0000"
    },
    "done": true
  },
  "incendium:technical/using/trailblazer": {
    "criteria": {
      "log_spam_fixer": "2024-06-25 01:59:23 +0000"
    },
    "done": false
  },
  "wythers:world_explorer": {
    "criteria": {
      "wythers:fen": "2024-06-25 01:59:23 +0000"
    },
    "done": false
  },
  "candlelight:main/root": {
    "criteria": {
      "seeds": "2024-06-25 01:59:22 +0000"
    },
    "done": true
  },
  "DataVersion": 3465
}